Ticker,Market Cap,Date,Close Price,Price change,Volume / Avg,Last max price,Last max volume,Close / SMA50,Close / SMA150,Close / SMA200,SMA50 / SMA150,SMA50 / SMA200,SMA150 / SMA200,Trending up,Beta,Max mov5,Max mov30,VIX,VIX SMA20,Close / SMA10,Sell Date,Holding Duration,Profit,Sell reason
AGNCN,  9.05B,2024-12-31,  25.77$,  1.62,  3.82,3650,21,  1.03,  1.05,  1.06,  1.02,  1.03,  1.01,  1.01,1.494,  1.62,  1.63, 17.35, 17.98,  1.03,7/7,4/6,84.62%,N/A
EPSN,  0.16B,2024-12-31,   6.15$,  1.82,  0.57,505,6,  1.07,  1.13,  1.15,  1.06,  1.07,  1.01,  1.02,0.34,  3.78,  6.53, 17.35, 17.98,  1.06,7/7,4/6,84.62%,N/A
FPI,  0.53B,2024-12-31,  11.70$,  0.78,  0.99,536,1,  1.07,  1.16,  1.17,  1.09,  1.10,  1.01,  1.01,0.697,  0.95,  6.02, 17.35, 17.98,  1.04,7/7,5/6,92.31%,N/A
HOVNP,  2.55B,2024-12-31,  17.68$,  1.78,  1.09,3650,48,  1.03,  1.04,  1.04,  1.01,  1.02,  1.01,  1.01,,  1.78,  1.78, 17.35, 17.98,  1.02,7/7,5/6,92.31%,N/A
INV,  0.38B,2024-12-31,  13.85$,  2.06,  1.58,3650,2,  1.20,  1.24,  1.24,  1.03,  1.03,  1.01,  1.01,-0.106,  7.04, 24.47, 17.35, 17.98,  1.05,7/7,4/6,84.62%,N/A
KEN,  1.65B,2024-12-31,  34.00$,  6.52,  2.87,591,99,  1.16,  1.28,  1.33,  1.10,  1.15,  1.04,  1.04,0.582,  6.52,  6.74, 17.35, 17.98,  1.12,7/7,4/6,84.62%,N/A
LNSR,  0.17B,2024-12-31,   8.94$,  3.23,  0.86,967,1,  1.27,  1.64,  1.80,  1.29,  1.42,  1.10,  1.08,0.62,  3.34, 17.24, 17.35, 17.98,  1.11,7/7,4/6,84.62%,N/A
MRCC,  0.17B,2024-12-31,   8.24$,  2.62,  4.07,3650,257,  1.06,  1.13,  1.16,  1.07,  1.10,  1.03,  1.03,1.094,  2.62,  3.18, 17.35, 17.98,  1.04,7/7,5/6,92.31%,N/A
NRP,  1.38B,2024-12-31, 108.89$,  2.12,  1.63,3650,6,  1.07,  1.17,  1.19,  1.09,  1.11,  1.02,  1.03,0.347,  2.46,  5.84, 17.35, 17.98,  1.06,7/7,5/6,92.31%,N/A
TRIN,  0.99B,2024-12-31,  14.00$,  1.16,  1.60,3650,1,  1.06,  1.08,  1.09,  1.02,  1.03,  1.00,  1.01,0.612,  1.16,  3.30, 17.35, 17.98,  1.03,7/7,5/6,92.31%,N/A
WHLRD,  0.03B,2024-12-31,  27.14$,  0.37,  0.46,3650,1,  1.05,  1.25,  1.33,  1.19,  1.27,  1.07,  1.06,1.641,  2.68,  8.46, 17.35, 17.98,  1.06,7/7,5/6,92.31%,N/A
ATGE,  3.80B,2025-01-02,  92.76$,  2.10,  1.40,3650,7,  1.07,  1.21,  1.30,  1.13,  1.22,  1.08,  1.07,0.955,  2.10,  9.51, 17.93, 18.24,  1.04,7/7,4/6,84.62%,N/A
BANX,  0.15B,2025-01-02,  20.65$,  1.03,  1.16,3650,2,  1.05,  1.11,  1.14,  1.06,  1.08,  1.03,  1.02,0.464,  1.60,  4.36, 17.93, 18.24,  1.03,7/7,5/6,92.31%,N/A
DEC,  1.09B,2025-01-02,  17.51$,  4.23,  0.93,3650,2,  1.20,  1.28,  1.30,  1.07,  1.09,  1.02,  1.04,-0.018,  4.96,  7.14, 17.93, 18.24,  1.11,7/7,5/6,92.31%,N/A
DMLP,  1.42B,2025-01-02,  33.86$,  4.02,  3.44,3650,10,  1.06,  1.13,  1.12,  1.07,  1.06,  1.00,  1.01,1.07,  4.02,  4.27, 17.93, 18.24,  1.06,6/7,5/6,84.62%,N/A
FSK,  5.88B,2025-01-02,  21.32$,  1.52,  1.29,3650,7,  1.06,  1.13,  1.17,  1.07,  1.10,  1.03,  1.03,1.296,  1.52,  2.53, 17.93, 18.24,  1.03,7/7,4/6,84.62%,N/A
GLNG,  3.96B,2025-01-02,  43.84$,  3.59,  1.95,3650,8,  1.12,  1.26,  1.35,  1.12,  1.21,  1.08,  1.07,0.771,  3.59, 11.70, 17.93, 18.24,  1.05,7/7,4/6,84.62%,N/A
ITRN,  0.73B,2025-01-02,  31.05$,  1.01,  2.16,1473,71,  1.09,  1.16,  1.17,  1.07,  1.08,  1.01,  1.02,1.114,  4.34,  4.66, 17.93, 18.24,  1.04,7/7,4/6,84.62%,N/A
KRP,  1.52B,2025-01-02,  15.95$,  1.08,  1.63,3650,6,  1.04,  1.05,  1.06,  1.01,  1.02,  1.01,  1.01,1.007,  1.56,  2.77, 17.93, 18.24,  1.05,7/7,5/6,92.31%,N/A
PAM,  5.22B,2025-01-02,  93.06$,  5.82,  1.65,3650,8,  1.17,  1.53,  1.63,  1.30,  1.39,  1.07,  1.09,0.374,  5.82,  5.82, 17.93, 18.24,  1.06,7/7,5/6,92.31%,N/A
ALE,  3.80B,2025-01-03,  64.32$,  0.22,  0.84,1227,1,  1.01,  1.03,  1.05,  1.02,  1.04,  1.02,  1.02,0.725,  0.27,  0.90, 16.13, 18.45,  1.01,7/7,4/6,84.62%,N/A
CCRD,  0.15B,2025-01-03,  24.35$,  5.87,  3.88,380,130,  1.27,  1.58,  1.66,  1.24,  1.31,  1.06,  1.08,0.463,  5.87,  7.44, 16.13, 18.45,  1.12,7/7,4/6,84.62%,N/A
DCTH,  0.44B,2025-01-03,  12.67$,  0.48,  1.28,935,1,  1.15,  1.36,  1.51,  1.18,  1.31,  1.11,  1.11,0.822,  4.73, 15.57, 16.13, 18.45,  1.09,7/7,5/6,92.31%,N/A
FRHC,  7.98B,2025-01-03, 134.10$,  0.64,  1.04,3650,6,  1.12,  1.37,  1.47,  1.22,  1.32,  1.08,  1.07,1.066,  1.96,  4.98, 16.13, 18.45,  1.03,7/7,6/6,100.00%,N/A
GEO,  4.19B,2025-01-03,  29.31$,  3.61,  0.94,3650,8,  1.19,  1.67,  1.75,  1.41,  1.48,  1.05,  1.11,0.878,  3.61, 42.10, 16.13, 18.45,  1.06,7/7,4/6,84.62%,N/A
KGS,  3.31B,2025-01-03,  43.26$,  4.52,  1.38,3650,8,  1.16,  1.42,  1.47,  1.22,  1.27,  1.04,  1.06,,  4.52,  7.21, 16.13, 18.45,  1.08,7/7,5/6,92.31%,N/A
REFI,  0.32B,2025-01-03,  15.13$,  0.40,  1.09,3650,1,  1.03,  1.06,  1.07,  1.03,  1.04,  1.01,  1.01,0.273,  0.80,  2.64, 16.13, 18.45,  1.01,7/7,5/6,92.31%,N/A
TRVI,  0.63B,2025-01-03,   4.59$,  5.28,  0.48,1098,1,  1.41,  1.51,  1.52,  1.07,  1.08,  1.01,  1.03,0.91,  5.83, 44.58, 16.13, 18.45,  1.11,7/7,4/6,84.62%,N/A
XYF,  0.75B,2025-01-03,   8.48$,  0.83,  0.60,869,1,  1.18,  1.52,  1.66,  1.28,  1.40,  1.09,  1.09,0.458,  2.08, 16.40, 16.13, 18.45,  1.04,7/7,4/6,84.62%,N/A
C,132.37B,2025-01-06,  72.24$,  2.45,  1.48,3650,9,  1.06,  1.14,  1.16,  1.08,  1.09,  1.01,  1.03,1.416,  2.45,  8.43, 16.04, 17.30,  1.04,7/7,4/6,84.62%,N/A
ELMD,  0.20B,2025-01-06,  31.23$,  1.76,  1.26,3650,4,  1.14,  1.53,  1.61,  1.35,  1.42,  1.06,  1.08,0.414,  1.96,  8.20, 16.04, 17.30,  1.07,7/7,5/6,92.31%,N/A
ESGR,  4.95B,2025-01-06, 327.02$,  0.23,  1.24,111,2,  1.01,  1.02,  1.04,  1.01,  1.03,  1.02,  1.01,0.613,  0.73,  1.09, 16.04, 17.30,  1.01,7/7,4/6,84.62%,N/A
GKOS,  5.77B,2025-01-06, 155.20$,  2.48,  1.13,3650,3,  1.10,  1.20,  1.27,  1.09,  1.16,  1.06,  1.05,0.997,  2.48, 10.00, 16.04, 17.30,  1.04,7/7,4/6,84.62%,N/A
HESM,  9.69B,2025-01-06,  37.31$,  0.24,  0.59,3650,3,  1.06,  1.07,  1.08,  1.01,  1.03,  1.01,  1.01,1.441,  1.51,  3.65, 16.04, 17.30,  1.03,7/7,5/6,92.31%,N/A
MTZ,  9.14B,2025-01-06, 148.13$,  0.98,  0.96,3650,1,  1.08,  1.23,  1.30,  1.14,  1.20,  1.05,  1.05,1.739,  4.79,  7.75, 16.04, 17.30,  1.07,7/7,5/6,92.31%,N/A
RAND,  0.06B,2025-01-06,  19.37$,  0.83,  4.45,2153,13,  1.29,  1.39,  1.46,  1.07,  1.13,  1.05,  1.06,0.352,  3.73, 13.65, 16.04, 17.30,  1.07,7/7,5/6,92.31%,N/A
RELL,  0.16B,2025-01-06,  14.80$,  3.79,  1.88,369,9,  1.05,  1.18,  1.25,  1.12,  1.18,  1.06,  1.05,0.864,  3.79,  8.10, 16.04, 17.30,  1.06,7/7,4/6,84.62%,N/A
SRV,  0.18B,2025-01-06,  44.67$,  0.93,  1.05,3650,1,  1.07,  1.11,  1.13,  1.04,  1.06,  1.02,  1.02,,  1.25,  6.35, 16.04, 17.30,  1.05,7/7,6/6,100.00%,N/A
BSX,146.96B,2025-01-07,  91.99$,  0.77,  0.90,3650,1,  1.04,  1.11,  1.15,  1.07,  1.11,  1.04,  1.03,0.774,  1.47,  3.98, 17.82, 16.49,  1.02,7/7,5/6,92.31%,N/A
OCS,  0.92B,2025-01-07,  18.22$,  3.23,  3.22,3650,1,  1.12,  1.34,  1.38,  1.20,  1.24,  1.03,  1.04,0.051,  3.72, 18.10, 17.82, 16.49,  1.07,7/7,4/6,84.62%,N/A
WHLRD,  0.03B,2025-01-07,  28.42$,  7.29,  1.32,3650,10,  1.10,  1.29,  1.38,  1.18,  1.26,  1.07,  1.06,1.641,  7.29,  8.46, 17.82, 16.49,  1.08,7/7,4/6,84.62%,N/A
AORT,  1.02B,2025-01-08,  30.23$,  3.49,  2.04,913,1,  1.07,  1.14,  1.19,  1.07,  1.12,  1.05,  1.04,1.792,  4.92,  5.56, 17.70, 16.44,  1.06,7/7,4/6,84.62%,N/A
BLX,  1.36B,2025-01-08,  36.75$,  0.19,  1.46,3650,1,  1.07,  1.16,  1.19,  1.08,  1.11,  1.02,  1.03,1.097,  0.87,  4.84, 17.70, 16.44,  1.02,7/7,6/6,100.00%,N/A
GCMG,  2.48B,2025-01-08,  12.76$,  1.11,  1.68,3650,3,  1.07,  1.17,  1.21,  1.09,  1.14,  1.04,  1.04,0.583,  1.42,  4.42, 17.70, 16.44,  1.04,7/7,5/6,92.31%,N/A
IRMD,  0.67B,2025-01-08,  58.03$,  2.64,  1.52,3650,11,  1.08,  1.20,  1.24,  1.10,  1.14,  1.04,  1.03,0.844,  2.64,  6.94, 17.70, 16.44,  1.06,7/7,5/6,92.31%,N/A
SUPN,  1.80B,2025-01-08,  38.06$,  1.68,  0.83,431,2,  1.05,  1.17,  1.19,  1.11,  1.13,  1.02,  1.02,0.837,  1.68,  8.66, 17.70, 16.44,  1.04,7/7,4/6,84.62%,N/A
AGS,  0.50B,2025-01-10,  11.86$,  1.72,  1.53,1263,1,  1.02,  1.03,  1.07,  1.01,  1.05,  1.04,  1.02,2.378,  1.72,  1.72, 19.54, 16.53,  1.03,7/7,4/6,84.62%,N/A
LAKE,  0.19B,2025-01-10,  26.19$,  4.26,  1.81,866,14,  1.18,  1.19,  1.26,  1.01,  1.06,  1.06,  1.04,0.961,  4.26,  8.57, 19.54, 16.53,  1.05,7/7,4/6,84.62%,N/A
LRN,  5.50B,2025-01-10, 111.13$,  1.94,  1.67,3650,51,  1.07,  1.31,  1.39,  1.22,  1.29,  1.06,  1.06,0.464,  1.94, 39.11, 19.54, 16.53,  1.05,7/7,4/6,84.62%,N/A
PAGP,  5.01B,2025-01-13,  19.76$,  0.46,  1.46,2022,1,  1.08,  1.09,  1.10,  1.01,  1.02,  1.01,  1.01,1.527,  6.12,  6.12, 19.19, 17.06,  1.07,7/7,5/6,92.31%,N/A
AM,  8.59B,2025-01-14,  15.90$,  1.99,  0.88,3650,2,  1.06,  1.10,  1.11,  1.04,  1.05,  1.02,  1.02,2.206,  2.23,  4.19, 18.71, 17.50,  1.05,7/7,4/6,84.62%,N/A
ATGE,  3.80B,2025-01-14,  95.71$,  1.50,  1.07,3650,4,  1.07,  1.23,  1.32,  1.15,  1.23,  1.07,  1.06,0.955,  2.91,  9.51, 18.71, 17.50,  1.03,7/7,4/6,84.62%,N/A
BLX,  1.36B,2025-01-14,  37.07$,  1.28,  0.84,3650,2,  1.07,  1.16,  1.19,  1.09,  1.11,  1.03,  1.03,1.097,  1.28,  4.84, 18.71, 17.50,  1.03,7/7,5/6,92.31%,N/A
CHEF,  2.19B,2025-01-14,  51.61$,  2.85,  1.02,3650,1,  1.13,  1.23,  1.27,  1.09,  1.13,  1.03,  1.03,2.281,  2.85,  4.97, 18.71, 17.50,  1.04,7/7,4/6,84.62%,N/A
DTM,  9.81B,2025-01-14, 107.39$,  2.91,  1.14,3650,1,  1.08,  1.30,  1.39,  1.20,  1.28,  1.07,  1.06,0.826,  2.91,  5.53, 18.71, 17.50,  1.06,7/7,5/6,92.31%,N/A
EAT,  6.55B,2025-01-14, 143.19$,  2.42,  0.98,3650,7,  1.13,  1.57,  1.74,  1.39,  1.54,  1.11,  1.13,2.577,  2.42,  7.46, 18.71, 17.50,  1.04,7/7,4/6,84.62%,N/A
GPI,  4.98B,2025-01-14, 435.75$,  1.86,  0.96,3650,2,  1.05,  1.20,  1.26,  1.14,  1.20,  1.05,  1.05,1.328,  1.86,  8.23, 18.71, 17.50,  1.04,7/7,4/6,84.62%,N/A
KGS,  3.31B,2025-01-14,  45.00$,  6.06,  1.02,3650,1,  1.16,  1.45,  1.51,  1.24,  1.30,  1.04,  1.06,,  6.06,  7.21, 18.71, 17.50,  1.08,7/7,5/6,92.31%,N/A
NFG,  7.14B,2025-01-14,  64.67$,  2.25,  1.32,585,1,  1.07,  1.11,  1.14,  1.04,  1.06,  1.02,  1.02,0.586,  2.25,  5.60, 18.71, 17.50,  1.06,7/7,4/6,84.62%,N/A
TSLX,  2.09B,2025-01-14,  20.86$,  1.31,  0.73,3650,2,  1.04,  1.05,  1.06,  1.01,  1.02,  1.01,  1.01,1.096,  1.31,  2.65, 18.71, 17.50,  1.01,7/7,4/6,84.62%,N/A
AGS,  0.50B,2025-01-15,  11.90$,  0.42,  0.72,1266,1,  1.03,  1.04,  1.07,  1.01,  1.04,  1.03,  1.03,2.378,  0.42,  1.72, 16.12, 17.78,  1.02,7/7,4/6,84.62%,N/A
BSX,146.96B,2025-01-15,  96.89$,  1.30,  0.97,3650,1,  1.08,  1.16,  1.20,  1.08,  1.11,  1.04,  1.03,0.774,  1.30,  4.30, 16.12, 17.78,  1.05,7/7,5/6,92.31%,N/A
C,132.37B,2025-01-15,  77.73$,  6.49,  3.32,3650,271,  1.12,  1.22,  1.24,  1.09,  1.11,  1.01,  1.02,1.416,  6.49,  8.43, 16.12, 17.78,  1.09,7/7,4/6,84.62%,N/A
CALM,  4.46B,2025-01-15, 111.00$,  2.30,  1.58,3650,2,  1.14,  1.40,  1.51,  1.23,  1.33,  1.08,  1.07,-0.132,  4.97,  6.22, 16.12, 17.78,  1.07,7/7,5/6,92.31%,N/A
CII,  0.78B,2025-01-15,  20.11$,  1.82,  0.80,3650,1,  1.03,  1.06,  1.08,  1.03,  1.04,  1.01,  1.01,0.977,  1.82,  2.97, 16.12, 17.78,  1.02,7/7,4/6,84.62%,N/A
CLBT,  4.66B,2025-01-15,  22.91$,  2.83,  1.94,3650,33,  1.13,  1.36,  1.49,  1.21,  1.32,  1.10,  1.07,1.525,  2.83,  7.38, 16.12, 17.78,  1.04,7/7,4/6,84.62%,N/A
CSCO,242.12B,2025-01-15,  59.98$,  1.10,  1.07,3650,2,  1.03,  1.15,  1.18,  1.12,  1.15,  1.03,  1.02,0.776,  1.10,  4.26, 16.12, 17.78,  1.02,7/7,4/6,84.62%,N/A
GCMG,  2.48B,2025-01-15,  12.82$,  0.47,  1.18,3650,3,  1.06,  1.16,  1.21,  1.09,  1.14,  1.04,  1.04,0.583,  0.79,  4.42, 16.12, 17.78,  1.02,7/7,6/6,100.00%,N/A
HSBC,204.98B,2025-01-15,  48.53$,  1.40,  1.87,3650,52,  1.05,  1.12,  1.15,  1.07,  1.09,  1.02,  1.03,0.493,  1.40,  4.05, 16.12, 17.78,  1.02,7/7,4/6,84.62%,N/A
IRMD,  0.67B,2025-01-15,  58.60$,  2.18,  1.25,3650,3,  1.09,  1.20,  1.24,  1.10,  1.15,  1.04,  1.03,0.844,  2.18,  6.94, 16.12, 17.78,  1.04,7/7,5/6,92.31%,N/A
ITRN,  0.73B,2025-01-15,  32.50$,  1.06,  1.02,3650,1,  1.11,  1.20,  1.22,  1.08,  1.10,  1.01,  1.02,1.114,  2.58,  4.54, 16.12, 17.78,  1.04,7/7,4/6,84.62%,N/A
JPM,679.04B,2025-01-15, 252.35$,  1.97,  2.06,3650,15,  1.05,  1.15,  1.19,  1.10,  1.13,  1.03,  1.03,1.09,  1.97, 11.55, 16.12, 17.78,  1.04,7/7,4/6,84.62%,N/A
KNTK,  3.08B,2025-01-15,  61.57$,  0.65,  1.32,1507,7,  1.09,  1.30,  1.37,  1.19,  1.26,  1.06,  1.06,0.93,  2.17,  7.52, 16.12, 17.78,  1.05,7/7,6/6,100.00%,N/A
LAKE,  0.19B,2025-01-15,  26.44$,  1.34,  0.86,869,1,  1.17,  1.20,  1.26,  1.02,  1.07,  1.05,  1.04,0.961,  1.53,  8.57, 16.12, 17.78,  1.03,7/7,4/6,84.62%,N/A
PDLB,  0.29B,2025-01-15,  13.33$,  2.30,  0.55,3650,2,  1.04,  1.19,  1.26,  1.14,  1.21,  1.06,  1.04,0.558,  2.30,  7.45, 16.12, 17.78,  1.03,7/7,5/6,92.31%,N/A
RNGR,  0.32B,2025-01-15,  17.39$,  4.38,  0.92,3650,1,  1.13,  1.36,  1.42,  1.21,  1.27,  1.05,  1.04,0.555,  4.38,  6.75, 16.12, 17.78,  1.09,7/7,5/6,92.31%,N/A
SAP,314.55B,2025-01-15, 261.79$,  3.27,  1.16,3650,1,  1.08,  1.17,  1.22,  1.09,  1.14,  1.04,  1.03,0.9,  3.27,  3.98, 16.12, 17.78,  1.05,7/7,5/6,92.31%,N/A
SBR,  0.98B,2025-01-15,  65.96$,  1.49,  0.90,434,1,  1.06,  1.09,  1.09,  1.03,  1.03,  1.00,  1.01,0.505,  1.49,  6.16, 16.12, 17.78,  1.03,7/7,4/6,84.62%,N/A
SCM,  0.39B,2025-01-15,  13.63$,  1.19,  1.32,3650,17,  1.03,  1.05,  1.06,  1.02,  1.03,  1.01,  1.01,1.082,  1.43,  3.51, 16.12, 17.78,  1.02,7/7,4/6,84.62%,N/A
SLRC,  0.94B,2025-01-15,  16.15$,  0.87,  1.64,3650,9,  1.03,  1.08,  1.10,  1.05,  1.06,  1.01,  1.02,1.156,  0.87,  3.28, 16.12, 17.78,  1.02,7/7,4/6,84.62%,N/A
SUPN,  1.80B,2025-01-15,  38.31$,  1.30,  0.94,435,3,  1.05,  1.17,  1.20,  1.11,  1.14,  1.02,  1.01,0.837,  1.30,  8.66, 16.12, 17.78,  1.03,7/7,4/6,84.62%,N/A
TLN,  8.99B,2025-01-15, 226.39$,  2.79,  1.26,3650,3,  1.09,  1.37,  1.52,  1.25,  1.39,  1.10,  1.09,,  4.20, 11.61, 16.12, 17.78,  1.06,7/7,4/6,84.62%,N/A
VRNA,  8.35B,2025-01-15,  50.31$,  3.86,  1.08,3650,1,  1.23,  1.65,  1.90,  1.35,  1.55,  1.15,  1.13,0.393,  3.86, 10.58, 16.12, 17.78,  1.07,7/7,4/6,84.62%,N/A
AN,  6.24B,2025-01-16, 182.80$,  0.24,  0.56,115,1,  1.07,  1.08,  1.09,  1.01,  1.02,  1.01,  1.01,1.32,  2.07,  4.88, 16.60, 17.65,  1.05,7/7,4/6,84.62%,N/A
AORT,  1.02B,2025-01-16,  31.24$,  3.93,  3.89,918,80,  1.09,  1.17,  1.22,  1.07,  1.12,  1.05,  1.04,1.792,  3.93,  5.56, 16.60, 17.65,  1.07,7/7,4/6,84.62%,N/A
CGBD,  0.85B,2025-01-16,  17.89$,  1.71,  1.26,3650,3,  1.08,  1.10,  1.11,  1.02,  1.03,  1.01,  1.02,1.645,  1.87,  2.36, 16.60, 17.65,  1.02,7/7,4/6,84.62%,N/A
COOP,  6.64B,2025-01-16, 101.44$,  1.41,  1.33,3650,9,  1.05,  1.11,  1.15,  1.06,  1.09,  1.03,  1.03,1.498,  4.65,  5.07, 16.60, 17.65,  1.07,7/7,4/6,84.62%,N/A
DCTH,  0.44B,2025-01-16,  13.67$,  7.55,  2.28,948,40,  1.21,  1.42,  1.57,  1.17,  1.30,  1.11,  1.10,0.822,  7.55, 15.57, 16.60, 17.65,  1.10,7/7,4/6,84.62%,N/A
EMO,  0.90B,2025-01-16,  49.25$,  1.50,  0.55,3650,1,  1.07,  1.19,  1.21,  1.11,  1.13,  1.02,  1.03,,  2.80,  4.35, 16.60, 17.65,  1.06,7/7,5/6,92.31%,N/A
EXLS,  7.60B,2025-01-16,  47.06$,  1.53,  0.66,3650,1,  1.04,  1.22,  1.29,  1.17,  1.24,  1.06,  1.04,1.101,  1.53,  6.74, 16.60, 17.65,  1.04,7/7,4/6,84.62%,N/A
FDUS,  0.71B,2025-01-16,  21.07$,  1.79,  0.83,3650,3,  1.06,  1.12,  1.14,  1.06,  1.07,  1.01,  1.02,1.448,  1.79,  2.66, 16.60, 17.65,  1.03,7/7,4/6,84.62%,N/A
FLS,  6.43B,2025-01-16,  62.49$,  3.41,  2.00,3650,20,  1.06,  1.20,  1.23,  1.13,  1.16,  1.02,  1.03,1.444,  3.41,  7.73, 16.60, 17.65,  1.07,7/7,4/6,84.62%,N/A
FSK,  5.88B,2025-01-16,  21.43$,  1.42,  0.98,3650,4,  1.05,  1.13,  1.16,  1.08,  1.10,  1.03,  1.03,1.296,  1.42,  2.53, 16.60, 17.65,  1.02,7/7,4/6,84.62%,N/A
LFT,  0.14B,2025-01-16,   2.53$,  0.77,  0.90,759,1,  1.06,  1.11,  1.14,  1.05,  1.07,  1.02,  1.03,1.114,  5.81,  7.02, 16.60, 17.65,  1.03,7/7,4/6,84.62%,N/A
LTH,  6.64B,2025-01-16,  26.63$,  6.22,  3.60,3650,107,  1.13,  1.17,  1.27,  1.03,  1.13,  1.09,  1.04,1.932,  6.22,  8.10, 16.60, 17.65,  1.14,7/7,4/6,84.62%,N/A
MAIN,  5.02B,2025-01-16,  59.66$,  2.09,  1.24,3650,5,  1.11,  1.19,  1.22,  1.08,  1.11,  1.02,  1.03,1.266,  2.09,  2.09, 16.60, 17.65,  1.03,7/7,4/6,84.62%,N/A
MCI,  0.47B,2025-01-16,  20.78$,  3.28,  2.02,3650,9,  1.07,  1.13,  1.17,  1.06,  1.10,  1.03,  1.02,0.697,  3.28,  5.18, 16.60, 17.65,  1.03,7/7,5/6,92.31%,N/A
OPY,  0.62B,2025-01-16,  67.80$,  3.59,  1.05,3650,2,  1.09,  1.25,  1.33,  1.15,  1.22,  1.06,  1.05,1.1,  3.59, 11.45, 16.60, 17.65,  1.06,7/7,4/6,84.62%,N/A
TYG,  0.47B,2025-01-16,  45.69$,  3.44,  2.26,1243,1,  1.09,  1.23,  1.30,  1.13,  1.19,  1.05,  1.05,2.13,  3.44,  3.59, 16.60, 17.65,  1.07,7/7,4/6,84.62%,N/A
UBS,100.56B,2025-01-16,  33.15$,  0.67,  1.50,3650,3,  1.05,  1.07,  1.09,  1.03,  1.04,  1.01,  1.00,0.997,  2.24,  4.48, 16.60, 17.65,  1.04,7/7,6/6,100.00%,N/A
ADX,  2.23B,2025-01-17,  20.48$,  1.19,  2.41,3650,36,  1.02,  1.06,  1.09,  1.04,  1.07,  1.03,  1.02,0.914,  1.77,  2.58, 15.97, 17.58,  1.02,7/7,5/6,92.31%,N/A
BOE,  0.63B,2025-01-17,  11.07$,  0.82,  0.62,3650,1,  1.02,  1.05,  1.07,  1.02,  1.05,  1.02,  1.01,,  2.25,  2.25, 15.97, 17.58,  1.03,7/7,6/6,100.00%,N/A
CPSS,  0.19B,2025-01-17,  11.38$,  0.53,  0.64,365,4,  1.06,  1.16,  1.20,  1.09,  1.13,  1.04,  1.03,2.146,  2.95,  6.41, 15.97, 17.58,  1.03,7/7,4/6,84.62%,N/A
DX,  1.18B,2025-01-17,  12.31$,  0.90,  0.94,896,1,  1.03,  1.07,  1.09,  1.04,  1.06,  1.02,  1.01,1.34,  1.60,  2.86, 15.97, 17.58,  1.02,7/7,5/6,92.31%,N/A
EE,  2.96B,2025-01-17,  32.26$,  0.94,  0.66,3650,1,  1.09,  1.39,  1.49,  1.27,  1.37,  1.07,  1.08,1.388,  3.11,  8.84, 15.97, 17.58,  1.05,7/7,5/6,92.31%,N/A
EFXT,  0.95B,2025-01-17,  10.44$,  1.66,  1.01,1362,1,  1.14,  1.52,  1.60,  1.33,  1.40,  1.05,  1.07,1.656,  2.14,  6.00, 15.97, 17.58,  1.03,7/7,4/6,84.62%,N/A
EPSN,  0.16B,2025-01-17,   6.55$,  2.02,  1.01,533,8,  1.11,  1.19,  1.21,  1.06,  1.08,  1.02,  1.02,0.34,  3.25,  6.53, 15.97, 17.58,  1.03,7/7,4/6,84.62%,N/A
FRHC,  7.98B,2025-01-17, 134.63$,  0.45,  1.40,3650,5,  1.09,  1.33,  1.44,  1.22,  1.32,  1.08,  1.07,1.066,  3.06,  4.98, 15.97, 17.58,  1.03,7/7,6/6,100.00%,N/A
GAM,  1.18B,2025-01-17,  52.33$,  0.81,  0.62,3650,1,  1.03,  1.08,  1.11,  1.05,  1.08,  1.03,  1.02,0.912,  1.34,  2.68, 15.97, 17.58,  1.03,7/7,6/6,100.00%,N/A
OCS,  0.92B,2025-01-17,  22.74$,  2.39,  1.21,3650,2,  1.35,  1.62,  1.68,  1.20,  1.25,  1.04,  1.05,0.051,  2.39, 18.10, 15.97, 17.58,  1.14,7/7,4/6,84.62%,N/A
PRIM,  3.09B,2025-01-17,  84.74$,  0.55,  1.71,3650,12,  1.06,  1.34,  1.42,  1.26,  1.34,  1.06,  1.07,1.138,  3.07, 14.79, 15.97, 17.58,  1.06,7/7,4/6,84.62%,N/A
AEIS,  3.59B,2025-01-21, 127.45$,  5.28,  1.48,3650,4,  1.10,  1.17,  1.19,  1.06,  1.09,  1.02,  1.02,1.43,  5.28,  6.83, 15.06, 17.38,  1.06,7/7,4/6,84.62%,N/A
ALSN,  8.19B,2025-01-21, 119.74$,  0.46,  1.13,3650,18,  1.05,  1.24,  1.31,  1.18,  1.25,  1.06,  1.04,1.017,  1.65,  7.92, 15.06, 17.38,  1.06,7/7,6/6,100.00%,N/A
BANX,  0.15B,2025-01-21,  20.74$,  0.48,  0.65,3650,2,  1.05,  1.10,  1.13,  1.05,  1.08,  1.03,  1.02,0.464,  2.51,  4.36, 15.06, 17.38,  1.02,7/7,6/6,100.00%,N/A
BYD,  5.47B,2025-01-21,  75.96$,  1.70,  1.04,3650,1,  1.05,  1.19,  1.22,  1.13,  1.17,  1.03,  1.02,1.559,  1.70,  7.84, 15.06, 17.38,  1.05,7/7,4/6,84.62%,N/A
CAKE,  2.57B,2025-01-21,  51.51$,  6.21,  1.70,907,6,  1.06,  1.23,  1.28,  1.15,  1.20,  1.04,  1.04,1.557,  6.21,  8.82, 15.06, 17.38,  1.05,7/7,4/6,84.62%,N/A
DBX,  7.79B,2025-01-21,  31.11$,  1.70,  0.94,232,4,  1.07,  1.22,  1.25,  1.13,  1.16,  1.03,  1.03,0.767,  1.70,  5.22, 15.06, 17.38,  1.04,7/7,4/6,84.62%,N/A
EAD,  0.41B,2025-01-21,   6.90$,  0.58,  0.66,3650,2,  1.02,  1.04,  1.07,  1.02,  1.04,  1.02,  1.01,0.889,  0.58,  1.66, 15.06, 17.38,  1.01,7/7,5/6,92.31%,N/A
ETB,  0.40B,2025-01-21,  14.97$,  0.74,  1.22,3650,6,  1.03,  1.09,  1.11,  1.05,  1.08,  1.02,  1.02,0.935,  0.74,  1.65, 15.06, 17.38,  1.02,7/7,6/6,100.00%,N/A
FINV,  2.54B,2025-01-21,   7.22$,  2.85,  1.59,889,21,  1.09,  1.23,  1.29,  1.13,  1.18,  1.04,  1.04,0.476,  2.85,  7.06, 15.06, 17.38,  1.06,7/7,5/6,92.31%,N/A
GIL,  6.83B,2025-01-21,  51.02$,  2.55,  0.80,3650,3,  1.05,  1.14,  1.20,  1.08,  1.14,  1.06,  1.03,1.534,  2.55,  3.01, 15.06, 17.38,  1.06,7/7,4/6,84.62%,N/A
HQY,  7.52B,2025-01-21, 104.74$,  2.27,  0.85,3650,1,  1.06,  1.22,  1.24,  1.15,  1.17,  1.02,  1.02,0.619,  2.33,  9.77, 15.06, 17.38,  1.05,7/7,4/6,84.62%,N/A
INTA,  4.76B,2025-01-21,  70.18$,  4.00,  0.78,3650,1,  1.11,  1.43,  1.55,  1.29,  1.40,  1.08,  1.08,0.764,  4.00, 16.43, 15.06, 17.38,  1.08,7/7,4/6,84.62%,N/A
KNF,  5.08B,2025-01-21, 107.31$,  2.32,  0.79,3650,2,  1.06,  1.23,  1.27,  1.16,  1.20,  1.04,  1.03,,  2.99,  9.68, 15.06, 17.38,  1.07,7/7,4/6,84.62%,N/A
KYN,  2.19B,2025-01-21,  13.35$,  2.85,  1.74,3650,1,  1.06,  1.21,  1.26,  1.13,  1.19,  1.05,  1.04,1.668,  2.85,  3.37, 15.06, 17.38,  1.04,7/7,4/6,84.62%,N/A
MSB,  0.35B,2025-01-21,  24.84$,  4.24,  4.99,3650,89,  1.12,  1.38,  1.46,  1.23,  1.31,  1.06,  1.06,0.848,  6.25, 23.99, 15.06, 17.38,  1.10,7/7,4/6,84.62%,N/A
NPK,  0.63B,2025-01-21,  98.21$,  1.78,  0.74,3650,1,  1.13,  1.26,  1.26,  1.11,  1.11,  1.00,  1.02,0.546,  1.78,  5.09, 15.06, 17.38,  1.03,6/7,5/6,84.62%,N/A
ONB,  6.71B,2025-01-21,  23.51$,  3.16,  1.95,3650,1,  1.08,  1.21,  1.26,  1.12,  1.17,  1.04,  1.03,0.84,  3.16, 15.58, 15.06, 17.38,  1.09,7/7,4/6,84.62%,N/A
PLXS,  3.45B,2025-01-21, 170.32$,  1.77,  1.00,3650,2,  1.05,  1.25,  1.33,  1.19,  1.26,  1.06,  1.06,0.902,  1.77,  9.99, 15.06, 17.38,  1.05,7/7,4/6,84.62%,N/A
QGEN,  8.61B,2025-01-21,  47.50$,  3.26,  1.17,486,3,  1.08,  1.08,  1.09,  1.01,  1.01,  1.01,  1.00,0.443,  3.26,  3.95, 15.06, 17.38,  1.05,7/7,4/6,84.62%,N/A
SANM,  4.16B,2025-01-21,  84.18$,  1.46,  1.24,3650,13,  1.07,  1.17,  1.21,  1.10,  1.13,  1.03,  1.02,0.852,  1.46, 12.74, 15.06, 17.38,  1.06,7/7,4/6,84.62%,N/A
SYK,139.13B,2025-01-21, 394.94$,  3.24,  1.74,3650,18,  1.06,  1.11,  1.13,  1.05,  1.07,  1.01,  1.00,0.955,  3.58,  3.58, 15.06, 17.38,  1.08,7/7,5/6,92.31%,N/A
TAC,  2.82B,2025-01-21,  14.44$,  1.05,  0.99,3650,1,  1.16,  1.46,  1.58,  1.25,  1.36,  1.09,  1.09,0.8,  4.38,  9.50, 15.06, 17.38,  1.07,7/7,4/6,84.62%,N/A
UNTY,  0.42B,2025-01-21,  48.25$,  2.68,  1.46,3650,1,  1.08,  1.32,  1.41,  1.22,  1.30,  1.07,  1.05,0.963,  2.68, 14.19, 15.06, 17.38,  1.12,7/7,4/6,84.62%,N/A
V,661.36B,2025-01-21, 323.09$,  1.26,  0.89,3650,1,  1.04,  1.13,  1.14,  1.09,  1.10,  1.01,  1.01,0.949,  1.26,  5.49, 15.06, 17.38,  1.03,7/7,5/6,92.31%,N/A
VERX,  5.62B,2025-01-21,  57.00$,  1.06,  0.72,3650,1,  1.08,  1.33,  1.42,  1.23,  1.32,  1.07,  1.06,0.872,  1.06, 13.84, 15.06, 17.38,  1.07,7/7,4/6,84.62%,N/A
WLKP,  0.81B,2025-01-21,  23.68$,  1.41,  1.33,3650,10,  1.04,  1.08,  1.09,  1.04,  1.05,  1.01,  1.01,1.054,  1.41,  1.57, 15.06, 17.38,  1.03,7/7,5/6,92.31%,N/A
AMZN,2042.39B,2025-01-22, 235.01$,  1.86,  1.13,3650,2,  1.08,  1.20,  1.22,  1.11,  1.13,  1.02,  1.03,1.192,  2.39,  6.19, 15.10, 17.27,  1.05,7/7,4/6,84.62%,N/A
AXSM,  5.78B,2025-01-22, 102.27$,  6.33,  2.09,1271,6,  1.10,  1.15,  1.21,  1.04,  1.09,  1.05,  1.02,0.996,  6.33, 11.52, 15.10, 17.27,  1.16,7/7,4/6,84.62%,N/A
BBAR,  4.61B,2025-01-22,  23.65$,  1.37,  0.89,3650,1,  1.28,  1.83,  2.00,  1.43,  1.57,  1.09,  1.14,1.096,  6.58, 14.22, 15.10, 17.27,  1.04,7/7,4/6,84.62%,N/A
CIEN,  8.75B,2025-01-22,  94.85$,  6.96,  1.63,3650,19,  1.22,  1.51,  1.61,  1.24,  1.32,  1.07,  1.06,0.906,  6.96, 15.45, 15.10, 17.27,  1.13,7/7,4/6,84.62%,N/A
ETO,  0.41B,2025-01-22,  25.87$,  0.62,  1.17,3650,4,  1.03,  1.05,  1.07,  1.02,  1.04,  1.02,  1.01,,  0.82,  2.21, 15.10, 17.27,  1.03,7/7,6/6,100.00%,N/A
SKYW,  3.61B,2025-01-22, 116.06$,  1.10,  1.18,3650,8,  1.07,  1.27,  1.34,  1.19,  1.25,  1.05,  1.05,2.008,  5.04,  7.86, 15.10, 17.27,  1.06,7/7,4/6,84.62%,N/A
SRRK,  3.11B,2025-01-22,  46.73$,  4.12,  0.92,957,4,  1.21,  2.16,  2.41,  1.78,  1.99,  1.11,  1.17,0.603,  4.12,361.99, 15.10, 17.27,  1.10,7/7,4/6,84.62%,N/A
VRNA,  8.35B,2025-01-22,  54.67$,  2.19,  1.02,3650,1,  1.29,  1.74,  2.01,  1.35,  1.56,  1.16,  1.14,0.393,  3.26, 10.58, 15.10, 17.27,  1.12,7/7,4/6,84.62%,N/A
ABT,226.88B,2025-01-23, 123.22$,  4.62,  2.54,759,1,  1.08,  1.11,  1.12,  1.03,  1.05,  1.02,  1.00,0.693,  4.62,  4.62, 15.02, 17.18,  1.08,7/7,4/6,84.62%,N/A
AIO,  0.72B,2025-01-23,  24.94$,  1.22,  1.55,3650,1,  1.06,  1.16,  1.20,  1.09,  1.13,  1.04,  1.03,,  1.86,  3.36, 15.02, 17.18,  1.06,7/7,5/6,92.31%,N/A
ALKS,  5.40B,2025-01-23,  31.75$,  5.10,  1.40,233,20,  1.08,  1.15,  1.18,  1.06,  1.10,  1.03,  1.01,0.583,  5.10,  6.69, 15.02, 17.18,  1.09,7/7,4/6,84.62%,N/A
ATEN,  1.24B,2025-01-23,  19.41$,  2.27,  0.87,3650,2,  1.09,  1.29,  1.31,  1.18,  1.20,  1.01,  1.04,1.169,  2.27,  4.82, 15.02, 17.18,  1.04,7/7,4/6,84.62%,N/A
BOE,  0.63B,2025-01-23,  11.11$,  0.36,  0.63,3650,1,  1.03,  1.05,  1.07,  1.02,  1.05,  1.02,  1.01,,  0.45,  2.25, 15.02, 17.18,  1.03,7/7,5/6,92.31%,N/A
DRS,  8.71B,2025-01-23,  37.31$,  1.06,  0.72,3650,1,  1.09,  1.24,  1.33,  1.14,  1.22,  1.07,  1.04,0.284,  3.15, 11.41, 15.02, 17.18,  1.08,7/7,4/6,84.62%,N/A
FSS,  4.59B,2025-01-23, 101.13$,  2.10,  1.17,3650,3,  1.07,  1.11,  1.13,  1.04,  1.05,  1.02,  1.02,1.023,  2.10,  6.82, 15.02, 17.18,  1.06,7/7,5/6,92.31%,N/A
META,1461.26B,2025-01-23, 635.88$,  2.08,  0.82,3650,1,  1.07,  1.15,  1.19,  1.08,  1.12,  1.03,  1.02,1.231,  2.08,  4.23, 15.02, 17.18,  1.04,7/7,4/6,84.62%,N/A
NAK,  0.60B,2025-01-23,   0.73$,  7.35,  3.20,966,2,  1.37,  1.76,  1.89,  1.29,  1.38,  1.07,  1.09,0.896,  7.35, 23.81, 15.02, 17.18,  1.13,7/7,4/6,84.62%,N/A
UTI,  1.38B,2025-01-23,  26.75$,  0.83,  1.64,3650,31,  1.09,  1.39,  1.47,  1.27,  1.35,  1.06,  1.07,1.494,  0.83, 18.70, 15.02, 17.18,  1.04,7/7,4/6,84.62%,N/A
VIRT,  5.86B,2025-01-23,  38.34$,  3.18,  0.98,3650,8,  1.07,  1.24,  1.34,  1.16,  1.25,  1.08,  1.06,0.564,  3.18,  6.34, 15.02, 17.18,  1.07,7/7,5/6,92.31%,N/A
BMY,122.13B,2025-01-24,  59.67$,  0.90,  1.16,378,1,  1.05,  1.18,  1.23,  1.13,  1.17,  1.04,  1.01,0.436,  3.59, 10.49, 14.85, 16.90,  1.06,7/7,4/6,84.62%,N/A
COOP,  6.64B,2025-01-24, 104.12$,  1.22,  0.53,3650,1,  1.07,  1.13,  1.17,  1.06,  1.09,  1.03,  1.03,1.498,  1.22,  5.07, 14.85, 16.90,  1.05,7/7,4/6,84.62%,N/A
ERC,  0.26B,2025-01-24,   9.19$,  0.44,  1.05,757,6,  1.04,  1.05,  1.06,  1.01,  1.02,  1.01,  1.00,0.693,  0.66,  2.51, 14.85, 16.90,  1.02,7/7,5/6,92.31%,N/A
ESSA,  0.19B,2025-01-24,  20.69$,  0.73,  1.62,3650,1,  1.05,  1.11,  1.15,  1.06,  1.09,  1.03,  1.01,0.42,  1.03,  6.79, 14.85, 16.90,  1.06,7/7,6/6,100.00%,N/A
FLC,  0.18B,2025-01-24,  16.82$,  0.12,  0.48,743,1,  1.03,  1.05,  1.08,  1.03,  1.05,  1.03,  1.02,0.859,  0.90,  1.51, 14.85, 16.90,  1.02,7/7,4/6,84.62%,N/A
GATX,  5.57B,2025-01-24, 166.76$,  3.69,  1.33,3650,1,  1.07,  1.17,  1.20,  1.10,  1.12,  1.02,  1.02,1.013,  4.49,  7.34, 14.85, 16.90,  1.09,7/7,5/6,92.31%,N/A
GBDC,  4.05B,2025-01-24,  15.19$,  0.73,  1.27,176,3,  1.03,  1.06,  1.05,  1.03,  1.02,  0.99,  1.00,0.535,  0.73,  2.61, 14.85, 16.90,  1.02,6/7,5/6,84.62%,N/A
GBLI,  0.49B,2025-01-24,  36.65$,  2.43,  0.87,3650,5,  1.05,  1.13,  1.14,  1.08,  1.09,  1.02,  1.02,0.468,  2.43,  4.81, 14.85, 16.90,  1.06,7/7,5/6,92.31%,N/A
GLAD,  0.62B,2025-01-24,  29.77$,  0.30,  0.80,3650,1,  1.10,  1.25,  1.30,  1.13,  1.18,  1.04,  1.05,1.25,  0.40,  2.38, 14.85, 16.90,  1.03,7/7,4/6,84.62%,N/A
HNVR,  0.16B,2025-01-24,  25.86$,  1.81,  1.15,3650,1,  1.10,  1.32,  1.39,  1.20,  1.26,  1.05,  1.05,0.024,  2.67,  9.19, 14.85, 16.90,  1.11,7/7,4/6,84.62%,N/A
IBEX,  0.32B,2025-01-24,  22.29$,  0.95,  0.61,404,1,  1.08,  1.20,  1.27,  1.11,  1.18,  1.06,  1.04,0.743,  1.85, 16.86, 14.85, 16.90,  1.02,7/7,4/6,84.62%,N/A
MAIN,  5.02B,2025-01-24,  60.34$,  0.55,  0.84,3650,1,  1.10,  1.20,  1.23,  1.09,  1.12,  1.02,  1.03,1.266,  0.55,  2.09, 14.85, 16.90,  1.03,7/7,5/6,92.31%,N/A
NCDL,  0.90B,2025-01-24,  16.59$,  1.16,  1.64,3650,3,  1.03,  1.04,  1.04,  1.01,  1.01,  1.01,  1.01,,  1.16,  2.84, 14.85, 16.90,  1.03,7/7,5/6,92.31%,N/A
OPY,  0.62B,2025-01-24,  72.55$,  1.34,  0.64,3650,1,  1.15,  1.32,  1.40,  1.15,  1.23,  1.06,  1.06,1.1,  2.14, 11.45, 14.85, 16.90,  1.09,7/7,4/6,84.62%,N/A
UBS,100.56B,2025-01-24,  35.37$,  1.06,  1.43,3650,2,  1.11,  1.14,  1.16,  1.03,  1.04,  1.01,  1.01,0.997,  1.23,  4.48, 14.85, 16.90,  1.06,7/7,5/6,92.31%,N/A
VERX,  5.62B,2025-01-24,  57.44$,  0.77,  0.85,3650,5,  1.07,  1.33,  1.42,  1.23,  1.32,  1.07,  1.06,0.872,  0.77, 13.84, 14.85, 16.90,  1.05,7/7,5/6,92.31%,N/A
ABG,  4.29B,2025-01-27, 271.12$,  3.85,  0.97,3650,3,  1.07,  1.13,  1.14,  1.05,  1.07,  1.01,  1.01,1.219,  3.85,  7.09, 17.90, 16.62,  1.08,7/7,4/6,84.62%,N/A
BANX,  0.15B,2025-01-27,  20.80$,  0.34,  0.62,3650,1,  1.04,  1.10,  1.13,  1.05,  1.08,  1.03,  1.02,0.464,  0.48,  4.36, 17.90, 16.62,  1.02,7/7,4/6,84.62%,N/A
BPOP,  6.35B,2025-01-27, 102.97$,  2.16,  1.40,3650,22,  1.07,  1.08,  1.11,  1.01,  1.03,  1.03,  1.01,0.794,  2.16, 10.58, 17.90, 16.62,  1.05,7/7,4/6,84.62%,N/A
CZNC,  0.31B,2025-01-27,  21.62$,  5.77,  6.44,271,900,  1.12,  1.15,  1.18,  1.03,  1.06,  1.03,  1.01,0.435,  7.58,  7.97, 17.90, 16.62,  1.15,7/7,4/6,84.62%,N/A
DX,  1.18B,2025-01-27,  12.49$,  1.22,  2.10,906,65,  1.04,  1.08,  1.10,  1.04,  1.06,  1.02,  1.01,1.34,  1.22,  2.86, 17.90, 16.62,  1.03,7/7,4/6,84.62%,N/A
FCCO,  0.17B,2025-01-27,  26.10$,  1.01,  6.29,3650,27,  1.06,  1.19,  1.27,  1.12,  1.20,  1.07,  1.04,0.419,  5.69,  8.34, 17.90, 16.62,  1.09,7/7,5/6,92.31%,N/A
FTDR,  2.84B,2025-01-27,  61.11$,  4.55,  1.34,3650,7,  1.07,  1.25,  1.35,  1.16,  1.26,  1.08,  1.06,1.18,  4.55,  6.89, 17.90, 16.62,  1.07,7/7,4/6,84.62%,N/A
KAR,  2.06B,2025-01-27,  20.85$,  0.97,  1.33,1238,15,  1.03,  1.16,  1.17,  1.12,  1.13,  1.01,  1.02,1.54,  1.47, 11.90, 17.90, 16.62,  1.03,7/7,4/6,84.62%,N/A
MMSI,  6.12B,2025-01-27, 105.83$,  1.14,  0.89,3650,1,  1.04,  1.11,  1.16,  1.06,  1.11,  1.05,  1.03,0.916,  1.14,  4.44, 17.90, 16.62,  1.04,7/7,5/6,92.31%,N/A
PVBC,  0.20B,2025-01-27,  11.94$,  4.74,  1.62,126,22,  1.06,  1.10,  1.15,  1.04,  1.09,  1.04,  1.02,0.453,  4.74,  6.20, 17.90, 16.62,  1.10,7/7,4/6,84.62%,N/A
RITM,  5.93B,2025-01-27,  11.14$,  0.81,  1.07,100,4,  1.05,  1.06,  1.07,  1.01,  1.02,  1.01,  1.01,1.835,  0.81,  4.98, 17.90, 16.62,  1.02,7/7,4/6,84.62%,N/A
SYK,139.13B,2025-01-27, 398.98$,  1.42,  1.30,3650,3,  1.06,  1.12,  1.14,  1.05,  1.07,  1.02,  1.01,0.955,  1.42,  3.58, 17.90, 16.62,  1.05,7/7,5/6,92.31%,N/A
T,202.28B,2025-01-27,  24.14$,  6.25,  2.57,3650,22,  1.07,  1.16,  1.22,  1.08,  1.14,  1.05,  1.03,0.705,  6.25,  6.25, 17.90, 16.62,  1.09,7/7,5/6,92.31%,N/A
UNTY,  0.42B,2025-01-27,  48.31$,  0.90,  1.46,3650,6,  1.08,  1.30,  1.40,  1.21,  1.30,  1.08,  1.05,0.963,  1.72, 14.19, 17.90, 16.62,  1.06,7/7,5/6,92.31%,N/A
WMT,682.63B,2025-01-27,  97.13$,  2.78,  1.18,3650,4,  1.07,  1.21,  1.28,  1.13,  1.20,  1.06,  1.05,0.537,  2.78,  3.00, 17.90, 16.62,  1.05,7/7,5/6,92.31%,N/A
AHR,  4.79B,2025-01-28,  29.39$,  0.82,  0.50,3650,1,  1.06,  1.28,  1.43,  1.21,  1.35,  1.11,  1.08,,  1.71,  4.61, 16.41, 16.45,  1.05,7/7,6/6,100.00%,N/A
AMZN,2042.39B,2025-01-28, 238.15$,  1.16,  1.13,3650,1,  1.08,  1.21,  1.23,  1.12,  1.14,  1.02,  1.03,1.192,  1.16,  6.19, 16.41, 16.45,  1.05,7/7,4/6,84.62%,N/A
BYD,  5.47B,2025-01-28,  76.93$,  1.40,  1.02,3650,4,  1.05,  1.19,  1.23,  1.13,  1.17,  1.04,  1.02,1.559,  1.40,  7.84, 16.41, 16.45,  1.03,7/7,4/6,84.62%,N/A
CGBD,  0.85B,2025-01-28,  18.06$,  0.84,  0.88,3650,1,  1.07,  1.11,  1.12,  1.03,  1.04,  1.01,  1.02,1.645,  0.84,  2.36, 16.41, 16.45,  1.02,7/7,4/6,84.62%,N/A
EAT,  6.55B,2025-01-28, 154.61$,  1.84,  1.17,3650,1,  1.16,  1.62,  1.78,  1.39,  1.54,  1.10,  1.13,2.577,  3.25,  7.46, 16.41, 16.45,  1.05,7/7,4/6,84.62%,N/A
EXLS,  7.60B,2025-01-28,  50.22$,  1.37,  1.24,3650,1,  1.09,  1.27,  1.35,  1.16,  1.24,  1.07,  1.05,1.101,  1.37,  6.74, 16.41, 16.45,  1.05,7/7,4/6,84.62%,N/A
JPM,679.04B,2025-01-28, 267.14$,  0.49,  0.79,3650,1,  1.09,  1.20,  1.24,  1.10,  1.14,  1.04,  1.03,1.09,  0.49, 11.55, 16.41, 16.45,  1.04,7/7,4/6,84.62%,N/A
MUFG,161.71B,2025-01-28,  12.84$,  3.13,  1.75,3650,20,  1.08,  1.17,  1.19,  1.08,  1.10,  1.02,  1.02,0.484,  3.13,  5.92, 16.41, 16.45,  1.05,7/7,5/6,92.31%,N/A
NOW,164.73B,2025-01-28,1170.39$,  2.61,  1.96,3650,63,  1.09,  1.26,  1.33,  1.16,  1.23,  1.06,  1.04,1.034,  2.61,  6.22, 16.41, 16.45,  1.08,7/7,5/6,92.31%,N/A
NYAX,  1.25B,2025-01-28,  36.45$,  7.21,  0.59,3650,1,  1.22,  1.39,  1.39,  1.14,  1.14,  1.01,  1.03,-0.306,  7.21,  9.83, 16.41, 16.45,  1.07,7/7,4/6,84.62%,N/A
OMF,  5.78B,2025-01-28,  57.00$,  0.78,  1.70,3650,52,  1.06,  1.17,  1.19,  1.11,  1.12,  1.01,  1.02,1.571,  0.78,  9.36, 16.41, 16.45,  1.04,7/7,4/6,84.62%,N/A
STEW,  1.66B,2025-01-28,  16.57$,  0.06,  1.05,3650,10,  1.03,  1.07,  1.10,  1.04,  1.07,  1.02,  1.01,0.922,  0.43,  3.79, 16.41, 16.45,  1.02,7/7,5/6,92.31%,N/A
SWI,  3.16B,2025-01-28,  14.96$,  3.03,  0.78,800,1,  1.07,  1.15,  1.19,  1.08,  1.11,  1.03,  1.02,0.924,  3.03,  5.92, 16.41, 16.45,  1.05,7/7,4/6,84.62%,N/A
CBNK,  0.47B,2025-01-29,  31.87$,  3.74,  1.43,3650,10,  1.11,  1.24,  1.32,  1.12,  1.19,  1.06,  1.04,0.538,  4.42, 12.91, 16.56, 16.17,  1.11,7/7,4/6,84.62%,N/A
CPRX,  3.00B,2025-01-29,  23.96$,  4.90,  1.09,3650,2,  1.10,  1.19,  1.26,  1.08,  1.15,  1.06,  1.03,0.836,  4.90, 16.74, 16.56, 16.17,  1.06,7/7,4/6,84.62%,N/A
HESM,  9.69B,2025-01-29,  41.00$,  2.02,  2.03,3650,24,  1.11,  1.15,  1.18,  1.04,  1.06,  1.02,  1.02,1.441,  2.64,  3.65, 16.56, 16.17,  1.03,7/7,4/6,84.62%,N/A
LZB,  1.60B,2025-01-29,  46.30$,  1.76,  1.14,3650,24,  1.05,  1.12,  1.17,  1.06,  1.11,  1.04,  1.02,1.4,  1.76,  5.93, 16.56, 16.17,  1.03,7/7,4/6,84.62%,N/A
MNDO,  0.04B,2025-01-29,   1.90$,  0.94,  0.89,661,2,  1.06,  1.09,  1.10,  1.03,  1.04,  1.01,  1.01,0.797,  0.96,  3.12, 16.56, 16.17,  1.02,7/7,5/6,92.31%,N/A
SF,  9.74B,2025-01-29, 117.00$,  2.00,  1.97,3650,9,  1.06,  1.21,  1.27,  1.14,  1.20,  1.05,  1.04,1.084,  2.00, 13.86, 16.56, 16.17,  1.04,7/7,4/6,84.62%,N/A
SNEX,  3.66B,2025-01-29,  72.89$,  0.50,  0.66,3650,1,  1.08,  1.23,  1.29,  1.15,  1.20,  1.05,  1.05,0.765,  1.58,  6.24, 16.56, 16.17,  1.02,7/7,6/6,100.00%,N/A
VIRT,  5.86B,2025-01-29,  39.34$,  1.73,  1.19,3650,14,  1.09,  1.25,  1.36,  1.16,  1.25,  1.08,  1.07,0.564,  3.06,  6.34, 16.56, 16.17,  1.05,7/7,5/6,92.31%,N/A
ALKS,  5.40B,2025-01-30,  31.91$,  1.11,  0.59,238,2,  1.08,  1.15,  1.18,  1.06,  1.10,  1.03,  1.01,0.583,  1.11,  6.69, 15.84, 15.96,  1.04,7/7,4/6,84.62%,N/A
ASA,  0.57B,2025-01-30,  23.58$,  3.88,  1.38,911,2,  1.13,  1.17,  1.20,  1.03,  1.06,  1.03,  1.03,1.135,  3.88,  5.35, 15.84, 15.96,  1.06,7/7,4/6,84.62%,N/A
ATEN,  1.24B,2025-01-30,  19.82$,  2.85,  0.96,3650,1,  1.10,  1.30,  1.32,  1.19,  1.21,  1.02,  1.04,1.169,  3.03,  4.82, 15.84, 15.96,  1.04,7/7,4/6,84.62%,N/A
ATGE,  3.80B,2025-01-30, 102.42$,  2.56,  2.04,3650,25,  1.11,  1.27,  1.36,  1.14,  1.22,  1.07,  1.07,0.955,  2.56,  9.51, 15.84, 15.96,  1.04,7/7,4/6,84.62%,N/A
BLK,146.98B,2025-01-30,1065.70$,  1.80,  0.83,3650,1,  1.04,  1.14,  1.20,  1.09,  1.15,  1.05,  1.03,1.303,  2.06,  5.19, 15.84, 15.96,  1.05,7/7,4/6,84.62%,N/A
BRBR,  9.52B,2025-01-30,  79.39$,  1.39,  1.36,3650,3,  1.05,  1.23,  1.27,  1.18,  1.21,  1.03,  1.03,0.911,  1.39,  4.79, 15.84, 15.96,  1.05,7/7,5/6,92.31%,N/A
CALM,  4.46B,2025-01-30, 115.80$,  3.04,  0.97,3650,1,  1.14,  1.40,  1.52,  1.23,  1.34,  1.09,  1.07,-0.132,  3.04,  6.22, 15.84, 15.96,  1.05,7/7,5/6,92.31%,N/A
CET,  1.30B,2025-01-30,  47.68$,  0.65,  0.65,3650,1,  1.03,  1.08,  1.10,  1.05,  1.07,  1.02,  1.02,0.788,  0.65,  2.79, 15.84, 15.96,  1.01,7/7,5/6,92.31%,N/A
FRAF,  0.16B,2025-01-30,  33.63$,  0.06,  0.87,3650,1,  1.05,  1.10,  1.13,  1.04,  1.08,  1.03,  1.02,0.23,  2.13,  7.88, 15.84, 15.96,  1.02,7/7,6/6,100.00%,N/A
HBT,  0.71B,2025-01-30,  24.64$,  1.52,  1.06,3650,1,  1.08,  1.12,  1.17,  1.04,  1.08,  1.04,  1.02,0.798,  1.89, 14.96, 15.84, 15.96,  1.08,7/7,4/6,84.62%,N/A
KGS,  3.31B,2025-01-30,  49.21$,  3.36,  1.90,3650,25,  1.18,  1.50,  1.59,  1.27,  1.34,  1.05,  1.07,,  8.53, 11.31, 15.84, 15.96,  1.04,7/7,4/6,84.62%,N/A
NFG,  7.14B,2025-01-30,  69.86$,  2.72,  2.73,3650,25,  1.12,  1.18,  1.21,  1.05,  1.08,  1.03,  1.03,0.586,  2.72,  5.60, 15.84, 15.96,  1.03,7/7,5/6,92.31%,N/A
PAGP,  5.01B,2025-01-30,  21.75$,  1.07,  1.09,3650,3,  1.13,  1.18,  1.20,  1.04,  1.06,  1.02,  1.02,1.527,  1.33,  6.12, 15.84, 15.96,  1.02,7/7,4/6,84.62%,N/A
PDLB,  0.29B,2025-01-30,  13.40$,  0.75,  0.83,3650,1,  1.03,  1.17,  1.24,  1.13,  1.20,  1.06,  1.05,0.558,  0.75,  7.45, 15.84, 15.96,  1.01,7/7,5/6,92.31%,N/A
PNRG,  0.38B,2025-01-30, 232.51$,  3.39,  2.24,3650,1,  1.15,  1.47,  1.60,  1.28,  1.40,  1.09,  1.09,0.514,  5.43, 15.30, 15.84, 15.96,  1.08,7/7,4/6,84.62%,N/A
RNST,  2.15B,2025-01-30,  38.95$,  3.56,  1.69,910,3,  1.08,  1.15,  1.19,  1.07,  1.11,  1.04,  1.02,1.041,  3.56, 12.10, 15.84, 15.96,  1.07,7/7,4/6,84.62%,N/A
RUSHB,  4.34B,2025-01-30,  57.94$,  1.17,  0.80,3650,1,  1.05,  1.19,  1.23,  1.13,  1.17,  1.04,  1.01,1.062,  1.25, 10.77, 15.84, 15.96,  1.03,7/7,4/6,84.62%,N/A
SKYW,  3.61B,2025-01-30, 116.76$,  0.80,  1.41,3650,25,  1.07,  1.26,  1.32,  1.18,  1.23,  1.05,  1.05,2.008,  1.05,  7.86, 15.84, 15.96,  1.03,7/7,5/6,92.31%,N/A
VRNA,  8.35B,2025-01-30,  57.24$,  4.40,  1.98,3650,15,  1.29,  1.74,  2.02,  1.34,  1.56,  1.17,  1.14,0.393,  4.40, 10.58, 15.84, 15.96,  1.07,7/7,4/6,84.62%,N/A
BBDC,  1.01B,2025-01-31,   9.81$,  0.51,  1.42,3650,26,  1.04,  1.06,  1.07,  1.02,  1.03,  1.02,  1.01,0.714,  1.24,  2.90, 16.43, 15.93,  1.02,7/7,6/6,100.00%,N/A
BLW,  0.53B,2025-01-31,  14.12$,  0.36,  2.00,3650,112,  1.02,  1.04,  1.06,  1.02,  1.04,  1.02,  1.01,0.723,  0.36,  1.39, 16.43, 15.93,  1.01,7/7,4/6,84.62%,N/A
BRW,  0.33B,2025-01-31,   7.75$,  0.78,  1.41,3650,9,  1.03,  1.10,  1.12,  1.06,  1.09,  1.02,  1.02,0.637,  1.32,  2.50, 16.43, 15.93,  1.02,7/7,5/6,92.31%,N/A
CGBD,  0.85B,2025-01-31,  18.07$,  0.44,  0.93,3650,4,  1.06,  1.10,  1.11,  1.04,  1.05,  1.01,  1.02,1.645,  1.33,  2.36, 16.43, 15.93,  1.01,7/7,4/6,84.62%,N/A
EAD,  0.41B,2025-01-31,   6.95$,  0.29,  0.97,3650,1,  1.02,  1.04,  1.07,  1.02,  1.04,  1.02,  1.01,0.889,  0.43,  1.66, 16.43, 15.93,  1.01,7/7,4/6,84.62%,N/A
FBIZ,  0.40B,2025-01-31,  51.38$,  4.26,  1.67,3650,20,  1.08,  1.16,  1.24,  1.08,  1.15,  1.06,  1.03,0.883,  4.26, 13.01, 16.43, 15.93,  1.09,7/7,4/6,84.62%,N/A
FDUS,  0.71B,2025-01-31,  22.03$,  0.78,  1.11,3650,8,  1.08,  1.16,  1.18,  1.07,  1.09,  1.02,  1.02,1.448,  1.37,  2.66, 16.43, 15.93,  1.02,7/7,5/6,92.31%,N/A
GILD,139.22B,2025-01-31,  96.52$,  0.26,  1.39,3650,8,  1.06,  1.17,  1.24,  1.10,  1.17,  1.06,  1.03,0.236,  1.85,  6.78, 16.43, 15.93,  1.04,7/7,6/6,100.00%,N/A
HIO,  0.38B,2025-01-31,   3.91$,  0.76,  1.51,3650,14,  1.02,  1.04,  1.07,  1.02,  1.05,  1.02,  1.01,0.596,  0.77,  2.71, 16.43, 15.93,  1.02,7/7,5/6,92.31%,N/A
HTGC,  3.33B,2025-01-31,  20.68$,  0.44,  1.10,3650,14,  1.07,  1.09,  1.11,  1.02,  1.03,  1.01,  1.02,1.317,  1.58,  3.44, 16.43, 15.93,  1.01,7/7,4/6,84.62%,N/A
IFS,  3.80B,2025-01-31,  29.78$,  0.30,  1.70,708,15,  1.03,  1.14,  1.18,  1.11,  1.15,  1.04,  1.02,0.803,  0.81,  3.52, 16.43, 15.93,  1.02,7/7,4/6,84.62%,N/A
LLYVA,  6.14B,2025-01-31,  71.97$,  0.56,  0.46,3650,3,  1.05,  1.37,  1.48,  1.31,  1.42,  1.08,  1.06,,  0.61,  8.72, 16.43, 15.93,  1.03,7/7,6/6,100.00%,N/A
LLYVK,  6.15B,2025-01-31,  73.59$,  0.55,  0.72,3650,3,  1.05,  1.37,  1.48,  1.31,  1.41,  1.08,  1.06,,  0.62,  8.17, 16.43, 15.93,  1.03,7/7,6/6,100.00%,N/A
OCS,  0.92B,2025-01-31,  22.91$,  2.51,  1.35,3650,4,  1.27,  1.56,  1.64,  1.23,  1.29,  1.05,  1.07,0.051,  2.51, 18.10, 16.43, 15.93,  1.02,7/7,4/6,84.62%,N/A
SEIC,  9.79B,2025-01-31,  86.58$,  0.64,  1.52,3650,1,  1.05,  1.18,  1.21,  1.12,  1.15,  1.03,  1.02,0.944,  3.70,  5.25, 16.43, 15.93,  1.03,7/7,6/6,100.00%,N/A
CLBT,  4.66B,2025-02-03,  24.67$,  2.62,  1.81,3650,4,  1.15,  1.39,  1.53,  1.21,  1.33,  1.10,  1.08,1.525,  2.62,  7.38, 18.62, 15.91,  1.04,7/7,4/6,84.62%,N/A
COST,412.47B,2025-02-03,1004.72$,  2.65,  1.43,3650,5,  1.05,  1.12,  1.15,  1.06,  1.09,  1.03,  1.03,0.805,  2.65,  3.27, 18.62, 15.91,  1.05,7/7,5/6,92.31%,N/A
GDYN,  1.33B,2025-02-03,  22.76$,  0.75,  0.62,746,1,  1.13,  1.43,  1.57,  1.26,  1.39,  1.10,  1.07,0.92,  4.88,  8.94, 18.62, 15.91,  1.05,7/7,5/6,92.31%,N/A
ACR,  0.16B,2025-02-04,  18.50$,  4.23,  1.53,1229,10,  1.08,  1.17,  1.22,  1.08,  1.13,  1.04,  1.03,2.126,  4.23,  7.05, 17.21, 16.18,  1.05,7/7,4/6,84.62%,N/A
ATEN,  1.24B,2025-02-04,  20.22$,  2.90,  1.64,3650,11,  1.11,  1.32,  1.34,  1.19,  1.21,  1.02,  1.04,1.169,  2.90,  4.82, 17.21, 16.18,  1.05,7/7,4/6,84.62%,N/A
AXSM,  5.78B,2025-02-04, 112.92$,  5.11,  1.32,3650,1,  1.19,  1.25,  1.31,  1.05,  1.09,  1.05,  1.03,0.996,  5.11, 11.52, 17.21, 16.18,  1.09,7/7,4/6,84.62%,N/A
CET,  1.30B,2025-02-04,  47.75$,  0.17,  0.97,3650,13,  1.03,  1.08,  1.10,  1.05,  1.07,  1.02,  1.02,0.788,  0.17,  2.79, 17.21, 16.18,  1.01,7/7,4/6,84.62%,N/A
ERC,  0.26B,2025-02-04,   9.23$,  0.65,  0.82,765,1,  1.04,  1.05,  1.06,  1.01,  1.02,  1.01,  1.01,0.693,  0.65,  2.51, 17.21, 16.18,  1.01,7/7,4/6,84.62%,N/A
FRHC,  7.98B,2025-02-04, 143.09$,  1.57,  0.65,3650,1,  1.11,  1.36,  1.47,  1.23,  1.33,  1.08,  1.08,1.066,  1.57,  4.98, 17.21, 16.18,  1.03,7/7,5/6,92.31%,N/A
HSTM,  0.97B,2025-02-04,  33.30$,  1.65,  0.58,3650,1,  1.04,  1.11,  1.14,  1.07,  1.10,  1.03,  1.02,0.375,  1.65,  5.67, 17.21, 16.18,  1.03,7/7,5/6,92.31%,N/A
IRMD,  0.67B,2025-02-04,  61.04$,  3.16,  1.38,3650,16,  1.10,  1.21,  1.26,  1.10,  1.15,  1.04,  1.04,0.844,  3.16,  6.94, 17.21, 16.18,  1.02,7/7,5/6,92.31%,N/A
KVYO,  8.47B,2025-02-04,  48.01$,  2.83,  1.28,3650,5,  1.17,  1.38,  1.51,  1.18,  1.28,  1.09,  1.06,,  2.83, 16.30, 17.21, 16.18,  1.08,7/7,4/6,84.62%,N/A
LTH,  6.64B,2025-02-04,  30.55$,  2.83,  1.15,3650,1,  1.24,  1.29,  1.41,  1.05,  1.14,  1.09,  1.06,1.932,  2.83,  8.10, 17.21, 16.18,  1.05,7/7,4/6,84.62%,N/A
NRIM,  0.40B,2025-02-04,  87.90$,  2.67,  0.95,3650,1,  1.09,  1.24,  1.34,  1.14,  1.22,  1.08,  1.05,0.845,  2.67, 15.85, 17.21, 16.18,  1.08,7/7,4/6,84.62%,N/A
PJT,  5.30B,2025-02-04, 173.48$,  5.11,  3.36,3650,190,  1.08,  1.24,  1.33,  1.14,  1.23,  1.07,  1.06,0.675,  5.11, 15.76, 17.21, 16.18,  1.06,7/7,4/6,84.62%,N/A
PVBC,  0.20B,2025-02-04,  12.37$,  4.48,  0.58,562,2,  1.09,  1.13,  1.18,  1.04,  1.08,  1.04,  1.03,0.453,  4.48,  6.20, 17.21, 16.18,  1.07,7/7,4/6,84.62%,N/A
SBR,  0.98B,2025-02-04,  67.55$,  2.15,  1.68,455,27,  1.06,  1.11,  1.11,  1.04,  1.05,  1.01,  1.01,0.505,  2.15,  6.16, 17.21, 16.18,  1.03,7/7,4/6,84.62%,N/A
SBUX,111.01B,2025-02-04, 110.00$,  2.25,  1.28,852,2,  1.14,  1.21,  1.25,  1.06,  1.10,  1.04,  1.01,0.985,  2.25,  8.13, 17.21, 16.18,  1.08,7/7,4/6,84.62%,N/A
SWI,  3.16B,2025-02-04,  14.99$,  0.13,  0.64,805,1,  1.06,  1.15,  1.18,  1.08,  1.11,  1.03,  1.03,0.924,  0.67,  5.92, 17.21, 16.18,  1.02,7/7,4/6,84.62%,N/A
WLKP,  0.81B,2025-02-04,  24.37$,  1.37,  1.64,3650,20,  1.05,  1.10,  1.12,  1.05,  1.06,  1.02,  1.01,1.054,  1.37,  1.57, 17.21, 16.18,  1.02,7/7,4/6,84.62%,N/A
ABT,226.88B,2025-02-05, 132.06$,  2.29,  1.57,776,6,  1.13,  1.17,  1.20,  1.03,  1.06,  1.02,  1.01,0.693,  2.29,  4.62, 15.77, 16.39,  1.04,7/7,4/6,84.62%,N/A
AN,  6.24B,2025-02-05, 194.63$,  1.75,  0.91,3650,2,  1.10,  1.13,  1.14,  1.03,  1.04,  1.01,  1.01,1.32,  2.74,  4.88, 15.77, 16.39,  1.04,7/7,4/6,84.62%,N/A
AORT,  1.02B,2025-02-05,  31.70$,  2.29,  1.73,942,13,  1.08,  1.16,  1.21,  1.08,  1.12,  1.04,  1.04,1.792,  2.29,  5.56, 15.77, 16.39,  1.03,7/7,4/6,84.62%,N/A
CCAP,  0.65B,2025-02-05,  19.10$,  0.47,  0.85,3650,2,  1.02,  1.08,  1.10,  1.05,  1.07,  1.02,  1.02,0.88,  0.47,  3.24, 15.77, 16.39,  1.01,7/7,4/6,84.62%,N/A
CSCO,242.12B,2025-02-05,  62.57$,  2.01,  1.03,3650,2,  1.06,  1.17,  1.21,  1.11,  1.15,  1.04,  1.03,0.776,  2.01,  5.06, 15.77, 16.39,  1.03,7/7,5/6,92.31%,N/A
DX,  1.18B,2025-02-05,  13.04$,  0.54,  0.99,3650,2,  1.07,  1.12,  1.14,  1.04,  1.06,  1.02,  1.02,1.34,  0.54,  2.86, 15.77, 16.39,  1.03,7/7,5/6,92.31%,N/A
EBTC,  0.48B,2025-02-05,  43.35$,  1.88,  0.97,3650,1,  1.09,  1.31,  1.40,  1.19,  1.28,  1.07,  1.06,0.475,  2.73, 17.44, 15.77, 16.39,  1.03,7/7,4/6,84.62%,N/A
EFSC,  1.99B,2025-02-05,  61.05$,  1.21,  1.05,3650,1,  1.06,  1.16,  1.25,  1.10,  1.18,  1.07,  1.04,0.982,  3.01, 14.52, 15.77, 16.39,  1.05,7/7,4/6,84.62%,N/A
EMD,  0.57B,2025-02-05,   9.85$,  0.61,  0.90,3650,1,  1.03,  1.05,  1.08,  1.02,  1.05,  1.02,  1.01,0.919,  1.45,  1.99, 15.77, 16.39,  1.02,7/7,6/6,100.00%,N/A
ESSA,  0.19B,2025-02-05,  21.41$,  1.81,  1.97,3650,7,  1.08,  1.14,  1.17,  1.05,  1.09,  1.03,  1.02,0.42,  1.99,  6.79, 15.77, 16.39,  1.03,7/7,5/6,92.31%,N/A
FLC,  0.18B,2025-02-05,  16.88$,  0.54,  0.49,752,1,  1.03,  1.05,  1.08,  1.02,  1.05,  1.03,  1.02,0.859,  0.54,  1.51, 15.77, 16.39,  1.01,7/7,4/6,84.62%,N/A
FRME,  2.36B,2025-02-05,  44.34$,  0.82,  0.94,3650,1,  1.08,  1.16,  1.20,  1.08,  1.12,  1.04,  1.02,1.062,  0.82, 15.78, 15.77, 16.39,  1.06,7/7,5/6,92.31%,N/A
GCMG,  2.48B,2025-02-05,  13.47$,  0.52,  1.39,3650,1,  1.07,  1.18,  1.24,  1.10,  1.15,  1.05,  1.04,0.583,  0.67,  4.42, 15.77, 16.39,  1.01,7/7,5/6,92.31%,N/A
GIL,  6.83B,2025-02-05,  52.49$,  1.82,  1.13,3650,2,  1.07,  1.15,  1.21,  1.07,  1.13,  1.06,  1.03,1.534,  1.82,  3.01, 15.77, 16.39,  1.02,7/7,4/6,84.62%,N/A
GNTY,  0.46B,2025-02-05,  42.01$,  0.94,  0.73,3650,1,  1.15,  1.23,  1.28,  1.07,  1.12,  1.04,  1.03,0.608,  2.71,  9.74, 15.77, 16.39,  1.02,7/7,4/6,84.62%,N/A
GPI,  4.98B,2025-02-05, 471.12$,  2.91,  1.77,3650,5,  1.09,  1.24,  1.31,  1.14,  1.20,  1.05,  1.05,1.328,  2.91,  8.23, 15.77, 16.39,  1.04,7/7,4/6,84.62%,N/A
ITRN,  0.73B,2025-02-05,  33.61$,  2.19,  1.85,3650,19,  1.09,  1.21,  1.24,  1.11,  1.14,  1.02,  1.02,1.114,  3.61,  4.54, 15.77, 16.39,  1.02,7/7,4/6,84.62%,N/A
JPM,679.04B,2025-02-05, 270.43$,  0.93,  0.63,3650,2,  1.09,  1.20,  1.25,  1.10,  1.14,  1.04,  1.03,1.09,  0.93, 11.55, 15.77, 16.39,  1.02,7/7,4/6,84.62%,N/A
NYMTN,  1.18B,2025-02-05,  23.10$,  0.96,  1.05,3650,1,  1.04,  1.06,  1.09,  1.02,  1.05,  1.02,  1.01,1.993,  1.16,  3.70, 15.77, 16.39,  1.03,7/7,5/6,92.31%,N/A
ONB,  6.71B,2025-02-05,  24.00$,  1.27,  0.84,3650,1,  1.08,  1.20,  1.26,  1.12,  1.17,  1.05,  1.04,0.84,  1.33, 15.58, 15.77, 16.39,  1.03,7/7,4/6,84.62%,N/A
PDLB,  0.29B,2025-02-05,  13.97$,  4.25,  1.95,3650,17,  1.07,  1.20,  1.28,  1.12,  1.19,  1.06,  1.05,0.558,  4.25,  7.45, 15.77, 16.39,  1.05,7/7,5/6,92.31%,N/A
RAND,  0.06B,2025-02-05,  22.76$,  2.02,  1.09,3650,2,  1.25,  1.51,  1.59,  1.21,  1.27,  1.05,  1.08,0.352,  2.02, 13.65, 15.77, 16.39,  1.03,7/7,4/6,84.62%,N/A
RBKB,  0.11B,2025-02-05,  10.07$,  0.40,  0.50,566,1,  1.03,  1.12,  1.16,  1.08,  1.12,  1.04,  1.02,0.744,  0.50,  7.32, 15.77, 16.39,  1.01,7/7,4/6,84.62%,N/A
RNST,  2.15B,2025-02-05,  39.07$,  1.22,  0.90,914,3,  1.08,  1.15,  1.19,  1.06,  1.11,  1.04,  1.02,1.041,  1.84, 12.10, 15.77, 16.39,  1.04,7/7,4/6,84.62%,N/A
SAP,314.55B,2025-02-05, 283.19$,  1.83,  0.67,3650,1,  1.11,  1.23,  1.29,  1.10,  1.15,  1.05,  1.04,0.9,  2.04,  3.98, 15.77, 16.39,  1.03,7/7,5/6,92.31%,N/A
TCBX,  0.46B,2025-02-05,  37.93$,  2.68,  1.51,3650,7,  1.09,  1.30,  1.41,  1.19,  1.29,  1.08,  1.06,0.7,  4.35,  6.22, 15.77, 16.39,  1.06,7/7,5/6,92.31%,N/A
THFF,  0.58B,2025-02-05,  52.00$,  4.00,  1.57,3650,29,  1.10,  1.18,  1.24,  1.07,  1.13,  1.05,  1.03,0.492,  4.08, 14.34, 15.77, 16.39,  1.08,7/7,4/6,84.62%,N/A
TVTX,  1.75B,2025-02-05,  21.21$,  0.52,  0.92,443,9,  1.13,  1.43,  1.65,  1.26,  1.46,  1.16,  1.11,0.751,  4.35, 15.65, 15.77, 16.39,  1.03,7/7,4/6,84.62%,N/A
VCEL,  2.23B,2025-02-05,  61.80$,  3.99,  1.38,906,6,  1.07,  1.22,  1.25,  1.14,  1.17,  1.02,  1.02,1.792,  3.99,  7.94, 15.77, 16.39,  1.05,7/7,4/6,84.62%,N/A
AIO,  0.72B,2025-02-06,  25.13$,  1.82,  1.45,3650,5,  1.05,  1.15,  1.19,  1.10,  1.14,  1.04,  1.03,,  1.82,  6.70, 15.50, 16.46,  1.03,7/7,5/6,92.31%,N/A
AXS,  8.04B,2025-02-06,  93.77$,  1.75,  1.15,3650,1,  1.05,  1.16,  1.21,  1.11,  1.15,  1.04,  1.04,0.924,  2.46,  4.67, 15.50, 16.46,  1.04,7/7,5/6,92.31%,N/A
BAC,313.62B,2025-02-06,  47.44$,  1.35,  1.14,3650,8,  1.04,  1.12,  1.15,  1.08,  1.11,  1.03,  1.03,1.331,  1.35,  8.43, 15.50, 16.46,  1.02,7/7,4/6,84.62%,N/A
C,132.37B,2025-02-06,  82.33$,  3.61,  1.39,3650,3,  1.12,  1.25,  1.28,  1.12,  1.14,  1.02,  1.03,1.416,  3.61,  8.43, 15.50, 16.46,  1.03,7/7,4/6,84.62%,N/A
CBNK,  0.47B,2025-02-06,  31.98$,  1.52,  1.44,3650,16,  1.10,  1.22,  1.30,  1.11,  1.19,  1.06,  1.04,0.538,  2.05, 12.91, 15.50, 16.46,  1.05,7/7,4/6,84.62%,N/A
CHH,  6.15B,2025-02-06, 155.97$,  3.19,  1.28,3650,3,  1.07,  1.16,  1.20,  1.08,  1.11,  1.04,  1.02,1.255,  3.19,  7.14, 15.50, 16.46,  1.05,7/7,4/6,84.62%,N/A
FHB,  3.07B,2025-02-06,  27.91$,  0.50,  0.89,3650,1,  1.06,  1.14,  1.20,  1.08,  1.13,  1.04,  1.03,0.925,  1.20, 11.40, 15.50, 16.46,  1.04,7/7,5/6,92.31%,N/A
FINV,  2.54B,2025-02-06,   7.98$,  2.31,  1.99,904,45,  1.14,  1.31,  1.38,  1.15,  1.21,  1.05,  1.05,0.476,  2.53,  7.06, 15.50, 16.46,  1.04,7/7,5/6,92.31%,N/A
FXNC,  0.20B,2025-02-06,  26.49$,  5.62,  5.64,3650,30,  1.10,  1.32,  1.41,  1.20,  1.28,  1.07,  1.05,0.572,  5.62,  6.35, 15.50, 16.46,  1.07,7/7,5/6,92.31%,N/A
GE,213.19B,2025-02-06, 205.68$,  0.72,  0.61,3650,1,  1.15,  1.17,  1.20,  1.02,  1.04,  1.02,  1.03,1.196,  1.19,  9.04, 15.50, 16.46,  1.03,7/7,4/6,84.62%,N/A
HSBC,204.98B,2025-02-06,  51.39$,  1.50,  0.78,3650,1,  1.08,  1.17,  1.19,  1.08,  1.10,  1.02,  1.03,0.493,  1.50,  4.05, 15.50, 16.46,  1.02,7/7,5/6,92.31%,N/A
ICE,100.38B,2025-02-06, 167.21$,  4.34,  1.48,3650,11,  1.09,  1.08,  1.12,  0.99,  1.03,  1.04,  1.01,1.092,  4.34,  6.40, 15.50, 16.46,  1.05,6/7,5/6,84.62%,N/A
NAK,  0.60B,2025-02-06,   0.74$,  4.23,  1.38,978,2,  1.29,  1.68,  1.83,  1.31,  1.42,  1.09,  1.10,0.896,  6.06, 23.81, 15.50, 16.46,  1.09,7/7,4/6,84.62%,N/A
RITM,  5.93B,2025-02-06,  11.65$,  3.65,  1.60,3650,30,  1.08,  1.10,  1.11,  1.02,  1.03,  1.01,  1.01,1.835,  3.65,  4.98, 15.50, 16.46,  1.04,7/7,4/6,84.62%,N/A
SMBK,  0.53B,2025-02-06,  36.82$,  1.32,  0.57,3650,1,  1.10,  1.20,  1.29,  1.09,  1.18,  1.08,  1.05,0.668,  2.71, 10.54, 15.50, 16.46,  1.04,7/7,4/6,84.62%,N/A
SNFCA,  0.29B,2025-02-06,  13.46$,  5.07,  1.19,3650,13,  1.08,  1.33,  1.44,  1.24,  1.34,  1.08,  1.06,1.1,  5.07, 11.74, 15.50, 16.46,  1.07,7/7,4/6,84.62%,N/A
THG,  6.20B,2025-02-06, 165.17$,  3.65,  2.43,3650,1,  1.06,  1.13,  1.17,  1.06,  1.10,  1.03,  1.02,0.662,  4.76,  4.76, 15.50, 16.46,  1.07,7/7,5/6,92.31%,N/A
TMUS,302.48B,2025-02-06, 246.35$,  1.96,  0.87,3650,2,  1.09,  1.17,  1.23,  1.08,  1.14,  1.05,  1.03,0.636,  2.18,  6.34, 15.50, 16.46,  1.08,7/7,5/6,92.31%,N/A
TNL,  3.10B,2025-02-06,  56.87$,  3.95,  1.18,3650,8,  1.09,  1.20,  1.23,  1.11,  1.13,  1.02,  1.02,1.634,  3.95,  4.89, 15.50, 16.46,  1.06,7/7,4/6,84.62%,N/A
USM,  5.90B,2025-02-06,  65.89$,  2.12,  0.69,3650,1,  1.05,  1.12,  1.18,  1.07,  1.13,  1.05,  1.05,0.457,  3.25, 10.44, 15.50, 16.46,  1.04,7/7,4/6,84.62%,N/A
ACR,  0.16B,2025-02-07,  18.58$,  0.98,  3.11,1232,1,  1.08,  1.17,  1.22,  1.08,  1.13,  1.05,  1.03,2.126,  1.57,  7.05, 16.54, 16.51,  1.04,7/7,5/6,92.31%,N/A
NTGR,  0.71B,2025-02-07,  29.39$,  3.01,  1.80,768,1,  1.11,  1.38,  1.52,  1.25,  1.37,  1.10,  1.07,0.718,  3.01,  7.29, 16.54, 16.51,  1.07,7/7,4/6,84.62%,N/A
PSBD,  0.46B,2025-02-07,  15.55$,  1.04,  0.86,3650,4,  1.03,  1.03,  1.04,  1.00,  1.01,  1.01,  1.01,,  1.04,  2.96, 16.54, 16.51,  1.01,7/7,4/6,84.62%,N/A
SAR,  0.36B,2025-02-07,  24.68$,  0.16,  0.59,3650,1,  1.04,  1.11,  1.13,  1.07,  1.09,  1.02,  1.02,1.358,  1.73,  5.34, 16.54, 16.51,  1.02,7/7,4/6,84.62%,N/A
COCO,  1.70B,2025-02-10,  39.38$,  4.90,  2.18,3650,65,  1.09,  1.27,  1.31,  1.17,  1.20,  1.03,  1.04,0.331,  4.90,  8.26, 15.81, 16.68,  1.05,7/7,5/6,92.31%,N/A
CVLT,  7.13B,2025-02-10, 179.31$,  1.98,  1.47,3650,1,  1.10,  1.17,  1.26,  1.07,  1.15,  1.07,  1.05,0.619,  1.98, 23.96, 15.81, 16.68,  1.10,7/7,4/6,84.62%,N/A
DSGX,  8.59B,2025-02-10, 122.50$,  2.21,  2.64,3650,199,  1.05,  1.14,  1.17,  1.09,  1.12,  1.03,  1.03,0.737,  2.21,  4.41, 15.81, 16.68,  1.05,7/7,5/6,92.31%,N/A
HSTM,  0.97B,2025-02-10,  33.47$,  0.97,  1.61,3650,32,  1.04,  1.11,  1.14,  1.07,  1.10,  1.03,  1.03,0.375,  1.02,  5.67, 15.81, 16.68,  1.02,7/7,6/6,100.00%,N/A
V,661.36B,2025-02-10, 350.64$,  0.92,  0.96,3650,5,  1.09,  1.20,  1.22,  1.10,  1.12,  1.02,  1.02,0.949,  0.92,  5.49, 15.81, 16.68,  1.03,7/7,6/6,100.00%,N/A
AN,  6.24B,2025-02-11, 195.15$,  1.30,  2.55,3650,1,  1.09,  1.13,  1.14,  1.04,  1.05,  1.01,  1.02,1.32,  1.32,  4.88, 16.02, 16.47,  1.02,7/7,4/6,84.62%,N/A
BGR,  0.35B,2025-02-11,  13.43$,  0.52,  0.81,3650,1,  1.04,  1.06,  1.07,  1.02,  1.03,  1.01,  1.01,,  0.91,  2.99, 16.02, 16.47,  1.02,7/7,6/6,100.00%,N/A
COOP,  6.64B,2025-02-11, 107.32$,  0.72,  1.08,3650,7,  1.09,  1.15,  1.18,  1.05,  1.09,  1.03,  1.03,1.498,  0.75,  4.65, 16.02, 16.47,  1.02,7/7,5/6,92.31%,N/A
GOF,  2.52B,2025-02-11,  15.34$,  0.52,  1.43,3650,6,  1.03,  1.05,  1.08,  1.02,  1.05,  1.03,  1.02,,  0.52,  1.97, 16.02, 16.47,  1.02,7/7,6/6,100.00%,N/A
HMN,  1.74B,2025-02-11,  42.08$,  1.72,  0.95,3650,1,  1.08,  1.16,  1.18,  1.07,  1.10,  1.02,  1.01,0.266,  1.72,  8.60, 16.02, 16.47,  1.08,7/7,5/6,92.31%,N/A
JAZZ,  7.47B,2025-02-11, 129.98$,  5.24,  2.16,240,33,  1.06,  1.13,  1.14,  1.06,  1.08,  1.02,  1.01,0.438,  5.24,  6.75, 16.02, 16.47,  1.06,7/7,4/6,84.62%,N/A
LLYVK,  6.15B,2025-02-11,  76.51$,  0.63,  0.73,3650,4,  1.08,  1.38,  1.50,  1.28,  1.39,  1.09,  1.07,,  0.66,  8.17, 16.02, 16.47,  1.03,7/7,6/6,100.00%,N/A
MBWM,  0.71B,2025-02-11,  51.37$,  4.20,  2.72,3650,64,  1.10,  1.14,  1.19,  1.04,  1.09,  1.05,  1.03,0.998,  4.20, 16.54, 16.02, 16.47,  1.06,7/7,4/6,84.62%,N/A
SAP,314.55B,2025-02-11, 288.87$,  2.90,  1.17,3650,6,  1.12,  1.24,  1.30,  1.11,  1.16,  1.05,  1.04,0.9,  2.90,  3.98, 16.02, 16.47,  1.04,7/7,5/6,92.31%,N/A
SR,  4.56B,2025-02-11,  72.20$,  1.49,  0.77,3650,2,  1.06,  1.11,  1.14,  1.05,  1.08,  1.03,  1.02,0.547,  1.49,  5.62, 16.02, 16.47,  1.02,7/7,5/6,92.31%,N/A
SRCE,  1.48B,2025-02-11,  67.65$,  2.78,  2.14,3650,1,  1.11,  1.13,  1.18,  1.01,  1.06,  1.04,  1.02,0.771,  2.78, 11.65, 16.02, 16.47,  1.06,7/7,4/6,84.62%,N/A
THFF,  0.58B,2025-02-11,  53.53$,  2.88,  1.05,3650,1,  1.12,  1.20,  1.26,  1.07,  1.13,  1.05,  1.03,0.492,  2.88, 14.34, 16.02, 16.47,  1.07,7/7,4/6,84.62%,N/A
WTS,  6.80B,2025-02-11, 224.21$,  7.62,  2.82,3650,6,  1.08,  1.11,  1.12,  1.04,  1.04,  1.01,  1.00,0.932,  7.62,  7.62, 16.02, 16.47,  1.08,7/7,5/6,92.31%,N/A
ALE,  3.80B,2025-02-12,  65.18$,  0.17,  0.76,1254,5,  1.01,  1.03,  1.04,  1.02,  1.03,  1.01,  1.01,0.725,  0.18,  0.90, 15.89, 16.43,  1.00,7/7,4/6,84.62%,N/A
ATEN,  1.24B,2025-02-12,  20.93$,  1.85,  1.03,3650,1,  1.12,  1.34,  1.37,  1.20,  1.22,  1.02,  1.04,1.169,  1.85,  4.82, 15.89, 16.43,  1.04,7/7,4/6,84.62%,N/A
BBDC,  1.01B,2025-02-12,   9.91$,  1.02,  1.01,3650,1,  1.05,  1.06,  1.08,  1.02,  1.03,  1.01,  1.02,0.714,  1.02,  2.90, 15.89, 16.43,  1.01,7/7,4/6,84.62%,N/A
BXSL,  7.50B,2025-02-12,  32.96$,  1.04,  0.88,3650,1,  1.05,  1.12,  1.13,  1.06,  1.07,  1.01,  1.01,0.45,  1.04,  2.39, 15.89, 16.43,  1.01,7/7,4/6,84.62%,N/A
CCAP,  0.65B,2025-02-12,  19.29$,  0.73,  1.38,3650,25,  1.03,  1.08,  1.10,  1.05,  1.07,  1.02,  1.02,0.88,  0.73,  3.24, 15.89, 16.43,  1.01,7/7,5/6,92.31%,N/A
CORT,  5.76B,2025-02-12,  70.15$,  3.00,  0.68,3650,3,  1.21,  1.49,  1.64,  1.22,  1.35,  1.11,  1.10,0.612,  3.00, 13.60, 15.89, 16.43,  1.04,7/7,4/6,84.62%,N/A
GILD,139.22B,2025-02-12, 102.59$,  7.46,  2.36,3650,34,  1.11,  1.22,  1.30,  1.10,  1.17,  1.06,  1.04,0.236,  7.46,  7.46, 15.89, 16.43,  1.06,7/7,5/6,92.31%,N/A
GPI,  4.98B,2025-02-12, 472.63$,  0.98,  0.84,3650,1,  1.08,  1.23,  1.30,  1.13,  1.20,  1.06,  1.05,1.328,  1.02,  8.23, 15.89, 16.43,  1.02,7/7,5/6,92.31%,N/A
JFIN,  0.74B,2025-02-12,   9.93$,  7.00,  2.19,979,4,  1.39,  1.56,  1.58,  1.12,  1.13,  1.01,  1.03,0.767,  7.00, 20.15, 15.89, 16.43,  1.17,7/7,4/6,84.62%,N/A
LARK,  0.16B,2025-02-12,  24.92$,  0.81,  4.51,3650,2,  1.05,  1.20,  1.25,  1.15,  1.19,  1.04,  1.03,0.413,  2.04,  6.26, 15.89, 16.43,  1.04,7/7,6/6,100.00%,N/A
LTH,  6.64B,2025-02-12,  31.80$,  1.89,  1.12,3650,2,  1.25,  1.32,  1.43,  1.06,  1.15,  1.09,  1.07,1.932,  1.89,  8.10, 15.89, 16.43,  1.05,7/7,4/6,84.62%,N/A
MCRI,  1.45B,2025-02-12,  92.26$,  7.87,  2.08,3650,34,  1.12,  1.18,  1.23,  1.06,  1.10,  1.04,  1.02,1.769,  7.87,  7.87, 15.89, 16.43,  1.08,7/7,4/6,84.62%,N/A
NYAX,  1.25B,2025-02-12,  40.35$,  1.46,  0.12,3650,1,  1.25,  1.46,  1.50,  1.17,  1.20,  1.02,  1.05,-0.306,  1.46,  9.83, 15.89, 16.43,  1.03,7/7,4/6,84.62%,N/A
PAC,  9.48B,2025-02-12, 203.45$,  4.33,  1.08,3650,3,  1.09,  1.16,  1.17,  1.06,  1.07,  1.01,  1.02,0.976,  4.33,  6.71, 15.89, 16.43,  1.08,7/7,5/6,92.31%,N/A
PHX,  0.15B,2025-02-12,   4.09$,  2.23,  1.11,670,2,  1.05,  1.16,  1.19,  1.10,  1.13,  1.03,  1.02,0.501,  2.82,  8.82, 15.89, 16.43,  1.05,7/7,4/6,84.62%,N/A
SCM,  0.39B,2025-02-12,  14.64$,  0.62,  0.90,3650,7,  1.07,  1.11,  1.12,  1.03,  1.04,  1.01,  1.02,1.082,  1.04,  3.51, 15.89, 16.43,  1.02,7/7,5/6,92.31%,N/A
VRNA,  8.35B,2025-02-12,  62.70$,  5.68,  1.58,3650,5,  1.30,  1.76,  2.07,  1.35,  1.59,  1.18,  1.16,0.393,  5.68, 10.58, 15.89, 16.43,  1.06,7/7,4/6,84.62%,N/A
XYF,  0.75B,2025-02-12,   8.49$,  1.92,  1.30,895,6,  1.08,  1.36,  1.51,  1.26,  1.39,  1.10,  1.09,0.458,  1.92, 16.40, 15.89, 16.43,  1.04,7/7,4/6,84.62%,N/A
ADP,122.40B,2025-02-13, 308.58$,  1.17,  0.72,3650,1,  1.04,  1.10,  1.14,  1.05,  1.09,  1.04,  1.02,0.777,  1.17,  4.81, 15.10, 16.36,  1.01,7/7,4/6,84.62%,N/A
ADX,  2.23B,2025-02-13,  20.84$,  0.53,  0.98,3650,4,  1.03,  1.07,  1.09,  1.04,  1.06,  1.02,  1.02,0.914,  0.53,  2.58, 15.10, 16.36,  1.01,7/7,5/6,92.31%,N/A
ARKO,  0.47B,2025-02-13,   7.41$,  4.04,  3.27,242,99,  1.09,  1.12,  1.17,  1.03,  1.07,  1.04,  1.03,0.602,  4.51,  8.05, 15.10, 16.36,  1.07,7/7,4/6,84.62%,N/A
ATAT,  3.91B,2025-02-13,  29.57$,  1.06,  1.13,3650,1,  1.10,  1.26,  1.34,  1.15,  1.22,  1.07,  1.05,0.386,  3.94, 12.42, 15.10, 16.36,  1.07,7/7,4/6,84.62%,N/A
BCSF,  1.08B,2025-02-13,  17.72$,  0.91,  0.78,3650,2,  1.05,  1.11,  1.13,  1.05,  1.07,  1.02,  1.02,1.159,  0.91,  2.44, 15.10, 16.36,  1.01,7/7,4/6,84.62%,N/A
CION,  0.55B,2025-02-13,  11.58$,  1.49,  0.80,3650,2,  1.05,  1.05,  1.06,  1.01,  1.01,  1.01,  1.01,1.082,  1.49,  3.70, 15.10, 16.36,  1.03,7/7,5/6,92.31%,N/A
CSCO,242.12B,2025-02-13,  63.84$,  2.09,  2.26,3650,35,  1.07,  1.18,  1.23,  1.10,  1.15,  1.04,  1.03,0.776,  2.09,  5.06, 15.10, 16.36,  1.03,7/7,5/6,92.31%,N/A
CTO,  0.61B,2025-02-13,  20.27$,  1.45,  0.53,3650,1,  1.05,  1.08,  1.12,  1.03,  1.07,  1.03,  1.02,0.603,  1.45,  5.52, 15.10, 16.36,  1.03,7/7,5/6,92.31%,N/A
CVLT,  7.13B,2025-02-13, 183.55$,  2.80,  1.20,3650,1,  1.12,  1.19,  1.28,  1.06,  1.14,  1.07,  1.05,0.619,  2.80, 23.96, 15.10, 16.36,  1.08,7/7,4/6,84.62%,N/A
FINV,  2.54B,2025-02-13,   8.33$,  3.35,  1.09,918,1,  1.16,  1.34,  1.42,  1.16,  1.22,  1.06,  1.05,0.476,  4.12,  7.06, 15.10, 16.36,  1.05,7/7,5/6,92.31%,N/A
FRHC,  7.98B,2025-02-13, 160.98$,  4.34,  1.29,3650,2,  1.20,  1.48,  1.60,  1.23,  1.33,  1.09,  1.08,1.066,  5.94,  5.94, 15.10, 16.36,  1.08,7/7,5/6,92.31%,N/A
IGIC,  1.17B,2025-02-13,  26.69$,  2.34,  0.48,3650,1,  1.08,  1.27,  1.39,  1.18,  1.28,  1.09,  1.07,0.261,  2.34,  7.05, 15.10, 16.36,  1.04,7/7,5/6,92.31%,N/A
INTA,  4.76B,2025-02-13,  74.10$,  4.07,  0.84,3650,2,  1.10,  1.40,  1.53,  1.27,  1.39,  1.09,  1.09,0.764,  4.07, 16.43, 15.10, 16.36,  1.04,7/7,4/6,84.62%,N/A
LX,  1.83B,2025-02-13,   8.63$,  6.67,  1.03,896,14,  1.33,  2.29,  2.66,  1.73,  2.00,  1.16,  1.23,0.626,  6.67, 26.84, 15.10, 16.36,  1.07,7/7,4/6,84.62%,N/A
QFIN,  6.37B,2025-02-13,  44.01$,  2.35,  1.62,3650,44,  1.14,  1.42,  1.57,  1.25,  1.38,  1.10,  1.09,0.642,  4.98,  8.90, 15.10, 16.36,  1.06,7/7,5/6,92.31%,N/A
RDVT,  0.52B,2025-02-13,  42.35$,  5.17,  3.15,3650,53,  1.15,  1.35,  1.47,  1.17,  1.28,  1.09,  1.07,1.63,  5.17,  7.57, 15.10, 16.36,  1.09,7/7,4/6,84.62%,N/A
RITM,  5.93B,2025-02-13,  11.73$,  0.69,  0.67,3650,1,  1.08,  1.10,  1.12,  1.02,  1.03,  1.01,  1.01,1.835,  0.69,  4.98, 15.10, 16.36,  1.03,7/7,5/6,92.31%,N/A
TSLX,  2.09B,2025-02-13,  21.93$,  1.20,  0.79,3650,1,  1.05,  1.10,  1.10,  1.05,  1.05,  1.00,  1.01,1.096,  1.20,  2.65, 15.10, 16.36,  1.01,7/7,4/6,84.62%,N/A
BGR,  0.35B,2025-02-14,  13.60$,  1.80,  0.90,3650,1,  1.05,  1.07,  1.08,  1.02,  1.03,  1.01,  1.01,,  1.80,  2.99, 14.77, 16.29,  1.03,7/7,5/6,92.31%,N/A
BLW,  0.53B,2025-02-14,  14.18$,  0.42,  1.06,3650,1,  1.02,  1.03,  1.05,  1.02,  1.04,  1.02,  1.01,0.723,  0.42,  1.37, 14.77, 16.29,  1.00,7/7,4/6,84.62%,N/A
BRW,  0.33B,2025-02-14,   7.77$,  0.26,  0.51,3650,2,  1.02,  1.09,  1.12,  1.06,  1.09,  1.03,  1.02,0.637,  0.65,  2.50, 14.77, 16.29,  1.01,7/7,5/6,92.31%,N/A
BWAY,  0.18B,2025-02-14,  11.30$,  2.54,  1.39,924,4,  1.13,  1.25,  1.37,  1.11,  1.22,  1.09,  1.07,0.444,  2.54, 14.50, 14.77, 16.29,  1.06,7/7,4/6,84.62%,N/A
C,132.37B,2025-02-14,  84.61$,  3.06,  1.15,3650,6,  1.13,  1.27,  1.30,  1.13,  1.15,  1.02,  1.04,1.416,  3.06,  8.43, 14.77, 16.29,  1.05,7/7,4/6,84.62%,N/A
CVCO,  4.12B,2025-02-14, 538.30$,  0.56,  0.57,3650,1,  1.12,  1.22,  1.28,  1.09,  1.14,  1.05,  1.03,1.347,  1.99,  9.01, 14.77, 16.29,  1.02,7/7,4/6,84.62%,N/A
DBX,  7.79B,2025-02-14,  32.78$,  0.89,  0.87,254,1,  1.07,  1.22,  1.27,  1.14,  1.19,  1.04,  1.04,0.767,  1.85,  5.22, 14.77, 16.29,  1.02,7/7,4/6,84.62%,N/A
DSU,  0.55B,2025-02-14,  10.69$,  0.94,  1.48,3650,19,  1.02,  1.03,  1.04,  1.01,  1.02,  1.01,  1.01,0.679,  0.94,  1.55, 14.77, 16.29,  1.01,7/7,5/6,92.31%,N/A
ETO,  0.41B,2025-02-14,  25.92$,  0.74,  0.44,3650,1,  1.02,  1.04,  1.06,  1.02,  1.03,  1.01,  1.01,,  0.74,  2.21, 14.77, 16.29,  1.02,7/7,5/6,92.31%,N/A
FRAF,  0.16B,2025-02-14,  37.78$,  0.96,  3.86,3650,289,  1.16,  1.21,  1.25,  1.04,  1.08,  1.04,  1.03,0.23,  0.96,  7.88, 14.77, 16.29,  1.05,7/7,6/6,100.00%,N/A
GAIN,  0.50B,2025-02-14,  13.81$,  0.95,  0.90,3650,1,  1.05,  1.08,  1.08,  1.02,  1.03,  1.00,  1.01,1.281,  3.95,  3.95, 14.77, 16.29,  1.03,7/7,5/6,92.31%,N/A
GHC,  4.16B,2025-02-14, 960.60$,  0.49,  1.07,3650,1,  1.06,  1.15,  1.19,  1.08,  1.12,  1.04,  1.03,1.125,  1.53, 11.29, 14.77, 16.29,  1.02,7/7,4/6,84.62%,N/A
HSTM,  0.97B,2025-02-14,  33.92$,  0.06,  0.56,3650,1,  1.05,  1.12,  1.15,  1.06,  1.09,  1.03,  1.03,0.375,  2.14,  5.67, 14.77, 16.29,  1.02,7/7,5/6,92.31%,N/A
IFS,  3.80B,2025-02-14,  33.29$,  1.12,  1.33,1273,1,  1.12,  1.24,  1.30,  1.11,  1.15,  1.04,  1.04,0.803,  1.12,  4.60, 14.77, 16.29,  1.05,7/7,5/6,92.31%,N/A
ITRN,  0.73B,2025-02-14,  35.11$,  2.90,  2.05,3650,26,  1.11,  1.24,  1.28,  1.12,  1.15,  1.03,  1.03,1.114,  2.90,  4.54, 14.77, 16.29,  1.05,7/7,4/6,84.62%,N/A
MCI,  0.47B,2025-02-14,  22.73$,  5.87,  7.38,3650,345,  1.12,  1.21,  1.24,  1.08,  1.11,  1.03,  1.03,0.697,  5.87,  5.87, 14.77, 16.29,  1.07,7/7,5/6,92.31%,N/A
OXLCO,  0.42B,2025-02-14,  22.97$,  0.70,  0.37,3650,3,  1.02,  1.03,  1.05,  1.02,  1.03,  1.01,  1.01,1.153,  0.70,  1.10, 14.77, 16.29,  1.01,7/7,4/6,84.62%,N/A
SENEA,  0.62B,2025-02-14,  81.05$,  0.96,  1.20,3650,1,  1.08,  1.21,  1.25,  1.13,  1.16,  1.03,  1.03,0.164,  1.50,  8.06, 14.77, 16.29,  1.07,7/7,6/6,100.00%,N/A
SPOK,  0.33B,2025-02-14,  16.59$,  1.28,  0.97,3650,10,  1.04,  1.10,  1.12,  1.05,  1.07,  1.02,  1.01,0.268,  1.80,  5.29, 14.77, 16.29,  1.04,7/7,5/6,92.31%,N/A
USM,  5.90B,2025-02-14,  67.58$,  2.60,  0.64,3650,2,  1.07,  1.14,  1.19,  1.06,  1.11,  1.04,  1.06,0.457,  2.60, 10.44, 14.77, 16.29,  1.05,7/7,4/6,84.62%,N/A
BOE,  0.63B,2025-02-18,  11.30$,  0.53,  0.69,3650,1,  1.04,  1.06,  1.08,  1.02,  1.04,  1.02,  1.02,,  0.72,  2.25, 15.35, 16.12,  1.02,7/7,5/6,92.31%,N/A
BYD,  5.47B,2025-02-18,  79.18$,  1.10,  0.78,3650,1,  1.06,  1.18,  1.25,  1.11,  1.17,  1.05,  1.02,1.559,  1.41,  7.84, 15.35, 16.12,  1.02,7/7,4/6,84.62%,N/A
CWST,  7.01B,2025-02-18, 115.01$,  3.28,  2.04,3650,37,  1.07,  1.09,  1.11,  1.02,  1.04,  1.02,  1.01,1.049,  4.30,  5.00, 15.35, 16.12,  1.06,7/7,5/6,92.31%,N/A
DE,126.29B,2025-02-18, 499.81$,  4.44,  1.88,3650,2,  1.12,  1.22,  1.25,  1.09,  1.11,  1.02,  1.02,1.024,  4.44,  8.04, 15.35, 16.12,  1.07,7/7,5/6,92.31%,N/A
EBMT,  0.13B,2025-02-18,  17.61$,  3.65,  1.23,580,2,  1.14,  1.15,  1.20,  1.01,  1.06,  1.04,  1.02,0.473,  6.52,  6.52, 15.35, 16.12,  1.14,7/7,4/6,84.62%,N/A
EVV,  1.17B,2025-02-18,  10.20$,  0.69,  0.86,3650,2,  1.03,  1.04,  1.06,  1.01,  1.03,  1.02,  1.01,0.697,  1.00,  1.82, 15.35, 16.12,  1.01,7/7,5/6,92.31%,N/A
FI,121.31B,2025-02-18, 236.28$,  2.46,  1.88,3650,8,  1.12,  1.23,  1.30,  1.10,  1.16,  1.06,  1.04,0.928,  2.46,  7.15, 15.35, 16.12,  1.04,7/7,5/6,92.31%,N/A
FISI,  0.50B,2025-02-18,  29.21$,  2.31,  1.64,3650,9,  1.09,  1.16,  1.26,  1.06,  1.16,  1.09,  1.05,0.886,  2.31, 13.53, 15.35, 16.12,  1.06,7/7,4/6,84.62%,N/A
GCMG,  2.48B,2025-02-18,  14.04$,  2.18,  1.92,3650,5,  1.10,  1.21,  1.27,  1.10,  1.15,  1.05,  1.04,0.583,  2.18,  4.42, 15.35, 16.12,  1.03,7/7,5/6,92.31%,N/A
HIO,  0.38B,2025-02-18,   3.96$,  1.26,  0.99,3650,10,  1.03,  1.05,  1.07,  1.02,  1.04,  1.02,  1.01,0.596,  1.26,  2.71, 15.35, 16.12,  1.01,7/7,4/6,84.62%,N/A
IBM,226.25B,2025-02-18, 263.07$,  0.69,  1.00,3650,2,  1.14,  1.23,  1.30,  1.08,  1.15,  1.06,  1.04,0.734,  1.32, 12.96, 15.35, 16.12,  1.03,7/7,5/6,92.31%,N/A
JPM,679.04B,2025-02-18, 279.95$,  1.21,  0.90,3650,2,  1.11,  1.22,  1.27,  1.10,  1.14,  1.04,  1.04,1.09,  1.21, 11.55, 15.35, 16.12,  1.02,7/7,4/6,84.62%,N/A
KRT,  0.55B,2025-02-18,  32.97$,  3.97,  1.54,3650,17,  1.10,  1.19,  1.20,  1.09,  1.10,  1.01,  1.02,1.053,  4.76,  9.13, 15.35, 16.12,  1.10,7/7,4/6,84.62%,N/A
MRCC,  0.17B,2025-02-18,   8.42$,  0.48,  0.52,3650,1,  1.03,  1.11,  1.14,  1.07,  1.10,  1.03,  1.03,1.094,  1.21,  3.54, 15.35, 16.12,  1.01,7/7,5/6,92.31%,N/A
MRX,  2.42B,2025-02-18,  37.78$,  4.68,  1.83,3650,61,  1.15,  1.39,  1.50,  1.21,  1.30,  1.08,  1.16,,  4.68,  4.82, 15.35, 16.12,  1.06,7/7,5/6,92.31%,N/A
MUFG,161.71B,2025-02-18,  13.32$,  3.98,  1.37,3650,2,  1.10,  1.19,  1.21,  1.08,  1.10,  1.02,  1.02,0.484,  3.98,  5.92, 15.35, 16.12,  1.06,7/7,5/6,92.31%,N/A
PGR,163.48B,2025-02-18, 263.93$,  0.51,  1.10,3650,1,  1.08,  1.10,  1.14,  1.01,  1.05,  1.04,  1.02,0.351,  2.08,  4.30, 15.35, 16.12,  1.04,7/7,6/6,100.00%,N/A
RNGR,  0.32B,2025-02-18,  18.00$,  1.69,  1.11,3650,14,  1.11,  1.30,  1.40,  1.17,  1.26,  1.07,  1.05,0.555,  1.69,  6.75, 15.35, 16.12,  1.06,7/7,5/6,92.31%,N/A
SAMG,  0.16B,2025-02-18,  18.64$,  3.10,  1.12,383,1,  1.04,  1.10,  1.14,  1.06,  1.10,  1.04,  1.03,0.87,  3.10,  6.71, 15.35, 16.12,  1.03,7/7,4/6,84.62%,N/A
SBR,  0.98B,2025-02-18,  68.32$,  0.89,  0.78,503,1,  1.06,  1.11,  1.12,  1.05,  1.06,  1.00,  1.01,0.505,  0.89,  6.16, 15.35, 16.12,  1.02,7/7,4/6,84.62%,N/A
SMFG,101.72B,2025-02-18,  15.59$,  3.04,  1.28,3650,6,  1.06,  1.14,  1.16,  1.07,  1.09,  1.02,  1.03,0.49,  3.04,  5.84, 15.35, 16.12,  1.05,7/7,5/6,92.31%,N/A
SNEX,  3.66B,2025-02-18,  80.85$,  3.44,  1.61,3650,5,  1.15,  1.32,  1.38,  1.14,  1.20,  1.05,  1.06,0.765,  3.44,  8.04, 15.35, 16.12,  1.05,7/7,5/6,92.31%,N/A
SPH,  1.37B,2025-02-18,  22.20$,  2.97,  1.51,3650,5,  1.17,  1.23,  1.22,  1.05,  1.04,  0.99,  1.01,0.419,  2.97,  8.93, 15.35, 16.12,  1.04,6/7,5/6,84.62%,N/A
TLN,  8.99B,2025-02-18, 250.37$,  3.66,  0.69,3650,4,  1.14,  1.38,  1.52,  1.21,  1.34,  1.10,  1.10,,  3.66, 21.59, 15.35, 16.12,  1.06,7/7,4/6,84.62%,N/A
TXNM,  4.96B,2025-02-18,  50.40$,  0.38,  0.83,3650,4,  1.05,  1.14,  1.19,  1.09,  1.14,  1.05,  1.03,0.327,  0.38,  3.76, 15.35, 16.12,  1.02,7/7,4/6,84.62%,N/A
ADP,122.40B,2025-02-19, 311.56$,  1.05,  0.86,3650,4,  1.05,  1.10,  1.15,  1.05,  1.09,  1.04,  1.02,0.777,  1.05,  4.81, 15.27, 15.80,  1.02,7/7,4/6,84.62%,N/A
AMBA,  2.11B,2025-02-19,  82.94$,  0.94,  1.13,389,1,  1.10,  1.33,  1.38,  1.21,  1.26,  1.04,  1.06,1.779,  5.60,  8.17, 15.27, 15.80,  1.08,7/7,4/6,84.62%,N/A
BLX,  1.36B,2025-02-19,  39.20$,  0.72,  0.72,3650,1,  1.07,  1.17,  1.21,  1.10,  1.14,  1.03,  1.03,1.097,  2.42,  4.84, 15.27, 15.80,  1.03,7/7,6/6,100.00%,N/A
CAPL,  0.93B,2025-02-19,  22.91$,  0.70,  0.96,3650,1,  1.05,  1.13,  1.15,  1.07,  1.09,  1.02,  1.01,1.435,  0.70,  3.97, 15.27, 15.80,  1.02,7/7,4/6,84.62%,N/A
EAD,  0.41B,2025-02-19,   6.98$,  0.29,  0.97,3650,2,  1.02,  1.04,  1.06,  1.02,  1.04,  1.02,  1.02,0.889,  0.29,  1.66, 15.27, 15.80,  1.01,7/7,4/6,84.62%,N/A
ECOR,  0.05B,2025-02-19,  19.37$,  7.67,  1.17,914,1,  1.23,  1.83,  2.02,  1.49,  1.64,  1.10,  1.13,0.247,  7.67, 19.56, 15.27, 15.80,  1.16,7/7,4/6,84.62%,N/A
GIL,  6.83B,2025-02-19,  53.90$,  3.69,  2.24,3650,24,  1.09,  1.16,  1.22,  1.06,  1.12,  1.06,  1.04,1.534,  3.69,  3.69, 15.27, 15.80,  1.05,7/7,4/6,84.62%,N/A
GILD,139.22B,2025-02-19, 106.90$,  2.28,  0.95,3650,1,  1.14,  1.25,  1.34,  1.10,  1.17,  1.07,  1.04,0.236,  2.28,  7.46, 15.27, 15.80,  1.07,7/7,5/6,92.31%,N/A
GOF,  2.52B,2025-02-19,  15.42$,  0.19,  1.02,3650,1,  1.03,  1.05,  1.08,  1.02,  1.05,  1.03,  1.02,,  0.19,  1.97, 15.27, 15.80,  1.01,7/7,4/6,84.62%,N/A
PCN,  0.87B,2025-02-19,  13.67$,  0.22,  0.82,3650,1,  1.02,  1.04,  1.06,  1.01,  1.04,  1.02,  1.01,0.997,  0.22,  1.96, 15.27, 15.80,  1.01,7/7,4/6,84.62%,N/A
RBKB,  0.11B,2025-02-19,  10.13$,  0.60,  0.05,575,1,  1.04,  1.11,  1.15,  1.07,  1.11,  1.04,  1.03,0.744,  0.60,  4.68, 15.27, 15.80,  1.01,7/7,4/6,84.62%,N/A
RUSHB,  4.34B,2025-02-19,  58.27$,  1.25,  2.51,3650,21,  1.05,  1.16,  1.22,  1.10,  1.16,  1.05,  1.02,1.062,  1.25, 10.77, 15.27, 15.80,  1.02,7/7,4/6,84.62%,N/A
TNL,  3.10B,2025-02-19,  57.18$,  0.70,  1.96,3650,38,  1.09,  1.19,  1.23,  1.10,  1.13,  1.03,  1.03,1.634,  1.83,  4.89, 15.27, 15.80,  1.03,7/7,5/6,92.31%,N/A
TRIN,  0.99B,2025-02-19,  15.69$,  1.36,  0.94,3650,1,  1.10,  1.18,  1.19,  1.07,  1.08,  1.01,  1.02,0.612,  1.36,  3.30, 15.27, 15.80,  1.02,7/7,5/6,92.31%,N/A
AEF,  0.20B,2025-02-20,   5.48$,  1.26,  1.25,92,2,  1.06,  1.07,  1.08,  1.01,  1.02,  1.01,  1.01,0.965,  1.26,  3.76, 15.66, 15.60,  1.03,7/7,4/6,84.62%,N/A
AWF,  0.92B,2025-02-20,  10.94$,  0.18,  0.85,3650,2,  1.03,  1.03,  1.05,  1.01,  1.02,  1.01,  1.01,0.812,  0.37,  1.12, 15.66, 15.60,  1.01,7/7,4/6,84.62%,N/A
BERY,  8.04B,2025-02-20,  72.42$,  1.77,  1.50,3650,10,  1.07,  1.13,  1.18,  1.05,  1.10,  1.04,  1.03,1.101,  1.77,  5.50, 15.66, 15.60,  1.03,7/7,4/6,84.62%,N/A
HESM,  9.69B,2025-02-20,  41.26$,  0.15,  1.07,3650,1,  1.08,  1.14,  1.16,  1.06,  1.08,  1.02,  1.02,1.441,  2.78,  3.65, 15.66, 15.60,  1.02,7/7,5/6,92.31%,N/A
MGRC,  2.79B,2025-02-20, 128.96$,  4.13,  1.76,3650,10,  1.09,  1.15,  1.17,  1.05,  1.07,  1.01,  1.01,0.743,  4.13,  8.50, 15.66, 15.60,  1.06,7/7,5/6,92.31%,N/A
PAC,  9.48B,2025-02-20, 203.81$,  1.17,  1.32,3650,3,  1.08,  1.15,  1.16,  1.06,  1.08,  1.01,  1.02,0.976,  2.52,  6.71, 15.66, 15.60,  1.05,7/7,5/6,92.31%,N/A
PAGP,  5.01B,2025-02-20,  21.84$,  0.51,  1.42,3650,7,  1.10,  1.17,  1.19,  1.06,  1.08,  1.02,  1.02,1.527,  2.27,  6.12, 15.66, 15.60,  1.03,7/7,5/6,92.31%,N/A
PM,241.25B,2025-02-20, 150.24$,  1.18,  1.41,3650,2,  1.18,  1.23,  1.30,  1.05,  1.10,  1.05,  1.04,0.561,  1.18, 10.95, 15.66, 15.60,  1.04,7/7,4/6,84.62%,N/A
TRVI,  0.63B,2025-02-20,   4.80$,  5.03,  2.77,1130,44,  1.22,  1.45,  1.52,  1.18,  1.24,  1.05,  1.04,0.91,  8.29, 44.58, 15.66, 15.60,  1.15,7/7,4/6,84.62%,N/A
ABBV,363.15B,2025-02-21, 202.08$,  0.60,  0.98,3650,3,  1.13,  1.10,  1.13,  0.98,  1.01,  1.03,  1.02,0.598,  1.79, 12.57, 18.21, 15.59,  1.04,6/7,5/6,84.62%,N/A
AXSM,  5.78B,2025-02-21, 137.75$,  6.70,  2.08,3650,3,  1.37,  1.47,  1.54,  1.07,  1.12,  1.05,  1.05,0.996,  6.70, 20.16, 18.21, 15.59,  1.10,7/7,4/6,84.62%,N/A
COLM,  4.17B,2025-02-21,  90.42$,  0.49,  2.00,514,7,  1.06,  1.10,  1.10,  1.04,  1.04,  1.00,  1.01,0.899,  1.43,  5.69, 18.21, 15.59,  1.09,7/7,5/6,92.31%,N/A
VRNA,  8.35B,2025-02-21,  67.96$,  5.87,  1.78,3650,11,  1.33,  1.82,  2.14,  1.37,  1.61,  1.18,  1.17,0.393,  5.87, 10.58, 18.21, 15.59,  1.10,7/7,4/6,84.62%,N/A
BRW,  0.33B,2025-02-24,   7.84$,  0.64,  1.06,3650,8,  1.03,  1.09,  1.12,  1.06,  1.09,  1.03,  1.02,0.637,  0.64,  2.50, 18.98, 15.86,  1.01,7/7,5/6,92.31%,N/A
ADP,122.40B,2025-02-25, 311.71$,  0.37,  1.14,3650,15,  1.05,  1.10,  1.14,  1.05,  1.09,  1.04,  1.03,0.777,  0.47,  4.81, 19.43, 16.11,  1.01,7/7,4/6,84.62%,N/A
AXS,  8.04B,2025-02-25,  94.56$,  1.00,  1.15,3650,1,  1.06,  1.15,  1.19,  1.08,  1.13,  1.04,  1.04,0.924,  2.43,  4.67, 19.43, 16.11,  1.04,7/7,5/6,92.31%,N/A
DGICA,  0.68B,2025-02-25,  16.62$,  4.14,  1.60,3650,3,  1.10,  1.12,  1.16,  1.01,  1.05,  1.04,  1.02,-0.065,  4.14,  8.59, 19.43, 16.11,  1.08,7/7,5/6,92.31%,N/A
EFC,  1.20B,2025-02-25,  13.05$,  1.48,  2.01,3650,42,  1.08,  1.09,  1.11,  1.01,  1.03,  1.02,  1.02,1.988,  1.48,  3.23, 19.43, 16.11,  1.03,7/7,4/6,84.62%,N/A
ICE,100.38B,2025-02-25, 170.73$,  1.66,  1.16,3650,1,  1.10,  1.09,  1.13,  0.99,  1.03,  1.03,  1.02,1.092,  1.66,  6.40, 19.43, 16.11,  1.02,6/7,5/6,84.62%,N/A
JAZZ,  7.47B,2025-02-25, 139.67$,  2.18,  2.05,370,8,  1.12,  1.19,  1.22,  1.06,  1.09,  1.02,  1.02,0.438,  2.18,  6.75, 19.43, 16.11,  1.04,7/7,4/6,84.62%,N/A
NATH,  0.39B,2025-02-25, 100.79$,  0.66,  1.09,3650,2,  1.21,  1.25,  1.30,  1.03,  1.08,  1.04,  1.03,0.145,  0.66, 14.84, 19.43, 16.11,  1.05,7/7,5/6,92.31%,N/A
NFG,  7.14B,2025-02-25,  73.60$,  1.04,  1.27,3650,1,  1.12,  1.20,  1.24,  1.07,  1.11,  1.03,  1.03,0.586,  1.04,  5.60, 19.43, 16.11,  1.02,7/7,5/6,92.31%,N/A
ORI,  9.67B,2025-02-25,  37.02$,  1.42,  0.91,3650,1,  1.05,  1.10,  1.14,  1.04,  1.08,  1.04,  1.03,0.892,  1.42,  4.43, 19.43, 16.11,  1.02,7/7,5/6,92.31%,N/A
PBH,  4.22B,2025-02-25,  87.36$,  2.68,  1.36,3650,10,  1.09,  1.15,  1.18,  1.05,  1.08,  1.03,  1.02,0.459,  2.68, 14.78, 19.43, 16.11,  1.02,7/7,4/6,84.62%,N/A
PBI,  1.70B,2025-02-25,  10.71$,  0.94,  1.21,1025,1,  1.30,  1.45,  1.55,  1.11,  1.19,  1.07,  1.09,2.013,  2.92, 12.50, 19.43, 16.11,  1.06,7/7,4/6,84.62%,N/A
REFI,  0.32B,2025-02-25,  15.56$,  1.17,  1.45,3650,1,  1.04,  1.07,  1.08,  1.03,  1.04,  1.01,  1.01,0.273,  2.84,  2.84, 19.43, 16.11,  1.01,7/7,4/6,84.62%,N/A
SBUX,111.01B,2025-02-25, 114.59$,  1.24,  1.28,899,1,  1.15,  1.21,  1.27,  1.05,  1.11,  1.05,  1.03,0.985,  1.40,  8.13, 19.43, 16.11,  1.02,7/7,5/6,92.31%,N/A
AHR,  4.79B,2025-02-26,  29.48$,  2.97,  1.37,3650,43,  1.06,  1.19,  1.33,  1.13,  1.26,  1.12,  1.08,,  4.03,  4.61, 19.10, 16.47,  1.06,7/7,5/6,92.31%,N/A
LFT,  0.14B,2025-02-26,   2.67$,  0.36,  0.46,920,1,  1.06,  1.13,  1.16,  1.07,  1.10,  1.02,  1.03,1.114,  1.11,  7.02, 19.10, 16.47,  1.01,7/7,4/6,84.62%,N/A
MGYR,  0.09B,2025-02-26,  14.75$,  0.20,  0.41,3650,2,  1.02,  1.12,  1.17,  1.10,  1.15,  1.04,  1.03,0.293,  2.15,  7.10, 19.10, 16.47,  1.01,7/7,5/6,92.31%,N/A
PBFS,  0.29B,2025-02-26,  12.04$,  0.67,  0.34,806,1,  1.05,  1.07,  1.10,  1.02,  1.05,  1.03,  1.03,,  1.96,  3.90, 19.10, 16.47,  1.02,7/7,4/6,84.62%,N/A
PFN,  0.69B,2025-02-26,   7.51$,  0.54,  1.14,874,6,  1.02,  1.05,  1.07,  1.03,  1.05,  1.02,  1.01,0.779,  0.54,  1.38, 19.10, 16.47,  1.01,7/7,4/6,84.62%,N/A
SLMBP,  4.93B,2025-02-26,  74.61$,  0.63,  0.45,3650,1,  1.02,  1.04,  1.04,  1.01,  1.02,  1.00,  1.01,1.245,  0.63,  1.10, 19.10, 16.47,  1.01,7/7,4/6,84.62%,N/A
HIO,  0.38B,2025-02-27,   3.98$,  0.50,  1.38,3650,18,  1.03,  1.05,  1.07,  1.02,  1.04,  1.02,  1.02,0.596,  0.50,  2.71, 21.13, 16.78,  1.01,7/7,4/6,84.62%,N/A
KVAC,  0.12B,2025-02-27,  11.15$,  0.09,  0.00,3650,1,  1.01,  1.03,  1.03,  1.02,  1.02,  1.01,  1.01,,  0.09,  0.37, 21.13, 16.78,  1.00,7/7,4/6,84.62%,N/A
RITM,  5.93B,2025-02-27,  11.79$,  0.26,  1.17,3650,7,  1.07,  1.10,  1.11,  1.03,  1.04,  1.01,  1.01,1.835,  0.69,  3.65, 21.13, 16.78,  1.01,7/7,4/6,84.62%,N/A
SATS,  7.16B,2025-02-27,  30.41$,  4.83,  2.16,1138,24,  1.17,  1.28,  1.36,  1.09,  1.16,  1.06,  1.07,0.657,  4.83, 12.90, 21.13, 16.78,  1.04,7/7,4/6,84.62%,N/A
TIPT,  0.87B,2025-02-27,  22.93$,  4.99,  4.70,3650,2,  1.13,  1.16,  1.20,  1.02,  1.06,  1.04,  1.02,1.304,  8.87,  8.87, 21.13, 16.78,  1.15,7/7,4/6,84.62%,N/A
BRW,  0.33B,2025-02-28,   7.87$,  0.64,  0.71,3650,1,  1.03,  1.09,  1.12,  1.05,  1.08,  1.03,  1.02,0.637,  0.64,  2.50, 19.63, 17.30,  1.01,7/7,5/6,92.31%,N/A
GATX,  5.57B,2025-02-28, 167.05$,  1.91,  0.87,3650,8,  1.05,  1.14,  1.16,  1.08,  1.11,  1.02,  1.03,1.013,  1.91,  7.34, 19.63, 17.30,  1.02,7/7,5/6,92.31%,N/A
HESM,  9.69B,2025-02-28,  41.73$,  1.43,  1.53,3650,3,  1.07,  1.15,  1.17,  1.07,  1.09,  1.01,  1.02,1.441,  1.63,  3.65, 19.63, 17.30,  1.03,7/7,4/6,84.62%,N/A
MA,492.88B,2025-02-28, 576.31$,  2.03,  1.27,3650,3,  1.07,  1.13,  1.17,  1.06,  1.10,  1.03,  1.02,1.102,  2.03,  3.14, 19.63, 17.30,  1.02,7/7,4/6,84.62%,N/A
PLMR,  3.65B,2025-02-28, 128.66$,  4.95,  2.27,3650,10,  1.17,  1.27,  1.32,  1.08,  1.13,  1.05,  1.04,0.323,  4.95, 14.73, 19.63, 17.30,  1.05,7/7,4/6,84.62%,N/A
REFI,  0.32B,2025-02-28,  15.61$,  0.32,  0.98,3650,3,  1.04,  1.07,  1.08,  1.03,  1.04,  1.01,  1.01,0.273,  0.32,  2.84, 19.63, 17.30,  1.01,7/7,4/6,84.62%,N/A
SAR,  0.36B,2025-02-28,  25.23$,  0.96,  1.29,3650,3,  1.05,  1.12,  1.14,  1.06,  1.09,  1.02,  1.02,1.358,  0.96,  5.34, 19.63, 17.30,  1.01,7/7,4/6,84.62%,N/A
SBUX,111.01B,2025-02-28, 115.81$,  1.15,  1.32,902,4,  1.15,  1.21,  1.28,  1.06,  1.11,  1.05,  1.04,0.985,  1.39,  8.13, 19.63, 17.30,  1.02,7/7,5/6,92.31%,N/A
THG,  6.20B,2025-02-28, 169.61$,  2.73,  1.95,3650,14,  1.09,  1.14,  1.18,  1.04,  1.08,  1.04,  1.02,0.662,  3.11,  4.76, 19.63, 17.30,  1.06,7/7,5/6,92.31%,N/A
V,661.36B,2025-02-28, 362.71$,  1.96,  2.64,3650,45,  1.10,  1.21,  1.24,  1.10,  1.13,  1.02,  1.03,0.949,  1.96,  4.81, 19.63, 17.30,  1.03,7/7,5/6,92.31%,N/A
VRNA,  8.35B,2025-02-28,  69.63$,  3.74,  0.92,3650,1,  1.30,  1.80,  2.11,  1.38,  1.63,  1.18,  1.17,0.393,  5.67, 10.58, 19.63, 17.30,  1.08,7/7,4/6,84.62%,N/A
BGY,  0.52B,2025-03-03,   5.75$,  2.31,  1.59,3650,19,  1.07,  1.07,  1.08,  1.00,  1.01,  1.01,  1.01,0.855,  2.31,  3.91, 22.78, 17.75,  1.04,6/7,5/6,84.62%,N/A
CAPL,  0.93B,2025-03-03,  23.73$,  2.20,  3.04,3650,60,  1.08,  1.16,  1.19,  1.08,  1.10,  1.03,  1.01,1.435,  2.20,  3.97, 22.78, 17.75,  1.04,7/7,4/6,84.62%,N/A
FI,121.31B,2025-03-03, 237.79$,  0.89,  1.42,3650,3,  1.10,  1.21,  1.28,  1.10,  1.16,  1.06,  1.05,0.928,  1.77,  7.15, 22.78, 17.75,  1.02,7/7,5/6,92.31%,N/A
FT,  0.19B,2025-03-03,   7.62$,  0.26,  1.19,3650,1,  1.03,  1.05,  1.08,  1.02,  1.05,  1.03,  1.02,0.753,  0.66,  1.93, 22.78, 17.75,  1.01,7/7,5/6,92.31%,N/A
HMN,  1.74B,2025-03-03,  42.32$,  0.81,  1.01,3650,1,  1.08,  1.14,  1.18,  1.05,  1.09,  1.03,  1.01,0.266,  2.19,  8.60, 22.78, 17.75,  1.04,7/7,6/6,100.00%,N/A
IDA,  6.20B,2025-03-03, 119.04$,  0.96,  1.07,3650,1,  1.08,  1.12,  1.16,  1.03,  1.07,  1.04,  1.02,0.587,  2.50,  3.62, 22.78, 17.75,  1.05,7/7,6/6,100.00%,N/A
JMM,  0.06B,2025-03-03,   6.32$,  3.10,  1.27,793,2,  1.05,  1.05,  1.07,  1.00,  1.01,  1.01,  1.01,0.522,  3.10,  3.10, 22.78, 17.75,  1.04,7/7,4/6,84.62%,N/A
MASI,  8.84B,2025-03-03, 190.63$,  0.99,  1.57,464,2,  1.10,  1.27,  1.34,  1.16,  1.22,  1.05,  1.03,1.034,  2.24, 12.35, 22.78, 17.75,  1.06,7/7,4/6,84.62%,N/A
MDT,112.39B,2025-03-03,  93.56$,  2.48,  1.43,693,6,  1.09,  1.09,  1.12,  1.00,  1.03,  1.02,  1.01,0.823,  2.48,  7.27, 22.78, 17.75,  1.05,7/7,4/6,84.62%,N/A
NWE,  3.48B,2025-03-03,  55.97$,  1.27,  1.17,957,2,  1.06,  1.06,  1.08,  1.00,  1.02,  1.02,  1.01,0.474,  1.97,  4.49, 22.78, 17.75,  1.05,6/7,5/6,84.62%,N/A
PM,241.25B,2025-03-03, 157.40$,  2.26,  1.00,3650,1,  1.20,  1.27,  1.34,  1.06,  1.11,  1.05,  1.05,0.561,  2.26, 10.95, 22.78, 17.75,  1.04,7/7,4/6,84.62%,N/A
SCM,  0.39B,2025-03-03,  15.36$,  1.52,  1.50,3650,10,  1.09,  1.15,  1.16,  1.05,  1.06,  1.01,  1.02,1.082,  1.52,  3.51, 22.78, 17.75,  1.02,7/7,4/6,84.62%,N/A
SENEA,  0.62B,2025-03-03,  82.99$,  2.20,  1.68,3650,4,  1.08,  1.22,  1.26,  1.12,  1.16,  1.03,  1.03,0.164,  2.20,  8.06, 22.78, 17.75,  1.03,7/7,5/6,92.31%,N/A
TMUS,302.48B,2025-03-03, 272.83$,  1.16,  1.08,3650,1,  1.17,  1.25,  1.31,  1.07,  1.13,  1.06,  1.05,0.636,  2.43,  6.34, 22.78, 17.75,  1.03,7/7,5/6,92.31%,N/A
TPB,  1.04B,2025-03-03,  70.25$,  0.06,  1.36,3650,14,  1.13,  1.37,  1.50,  1.21,  1.33,  1.10,  1.09,0.753,  1.89,  8.74, 22.78, 17.75,  1.02,7/7,5/6,92.31%,N/A
EPSN,  0.16B,2025-03-04,   6.60$,  0.61,  2.32,567,23,  1.07,  1.15,  1.18,  1.08,  1.10,  1.02,  1.02,0.34,  6.17,  6.22, 23.51, 18.55,  1.04,7/7,5/6,92.31%,N/A
GOF,  2.52B,2025-03-04,  15.60$,  0.32,  1.67,3650,20,  1.04,  1.06,  1.08,  1.02,  1.04,  1.02,  1.02,,  0.97,  1.97, 23.51, 18.55,  1.01,7/7,5/6,92.31%,N/A
HG,  2.17B,2025-03-04,  19.87$,  1.38,  2.95,108,38,  1.05,  1.07,  1.10,  1.02,  1.04,  1.03,  1.03,,  1.38,  5.16, 23.51, 18.55,  1.07,7/7,4/6,84.62%,N/A
ATHM,  3.32B,2025-03-05,  31.07$,  4.97,  1.23,97,1,  1.13,  1.16,  1.17,  1.02,  1.03,  1.01,  1.02,0.19,  4.97,  4.97, 21.93, 19.37,  1.06,7/7,4/6,84.62%,N/A
CHN,  0.13B,2025-03-05,  13.54$,  4.07,  2.01,101,7,  1.12,  1.18,  1.21,  1.05,  1.08,  1.03,  1.02,0.447,  4.07,  7.02, 21.93, 19.37,  1.05,7/7,4/6,84.62%,N/A
RZB,  8.67B,2025-03-05,  24.73$,  0.24,  0.68,3650,1,  1.01,  1.02,  1.02,  1.00,  1.01,  1.00,  1.00,0.901,  0.24,  1.52, 21.93, 19.37,  1.00,7/7,4/6,84.62%,N/A
GILD,139.22B,2025-03-06, 115.23$,  0.51,  1.08,3650,1,  1.18,  1.31,  1.39,  1.11,  1.18,  1.07,  1.06,0.236,  1.08,  7.46, 24.87, 20.04,  1.03,7/7,6/6,100.00%,N/A
MCD,219.40B,2025-03-06, 310.37$,  0.95,  0.85,91,2,  1.06,  1.07,  1.10,  1.01,  1.04,  1.03,  1.01,0.706,  0.95,  5.12, 24.87, 20.04,  1.02,7/7,4/6,84.62%,N/A
OPOF,  0.15B,2025-03-06,  30.68$,  0.85,  0.98,3650,1,  1.17,  1.41,  1.53,  1.21,  1.31,  1.09,  1.08,0.18,  0.85,  9.23, 24.87, 20.04,  1.02,7/7,4/6,84.62%,N/A
OVBC,  0.13B,2025-03-06,  32.22$,  1.38,  3.25,1300,3,  1.29,  1.32,  1.36,  1.02,  1.05,  1.03,  1.02,-0.095,  1.98, 10.37, 24.87, 20.04,  1.09,7/7,4/6,84.62%,N/A
SLMBP,  4.93B,2025-03-06,  74.70$,  0.20,  0.38,3650,1,  1.02,  1.04,  1.04,  1.02,  1.02,  1.00,  1.01,1.245,  0.61,  1.10, 24.87, 20.04,  1.01,7/7,4/6,84.62%,N/A
ACR,  0.16B,2025-03-07,  21.13$,  1.78,  2.13,1252,4,  1.16,  1.27,  1.34,  1.09,  1.15,  1.06,  1.04,2.126,  3.08,  7.05, 23.37, 20.96,  1.04,7/7,4/6,84.62%,N/A
BERY,  8.04B,2025-03-07,  73.03$,  2.04,  1.19,3650,1,  1.07,  1.13,  1.17,  1.05,  1.09,  1.04,  1.03,1.101,  2.04,  5.50, 23.37, 20.96,  1.02,7/7,4/6,84.62%,N/A
PBH,  4.22B,2025-03-07,  89.02$,  2.22,  2.05,3650,20,  1.11,  1.16,  1.20,  1.05,  1.08,  1.03,  1.02,0.459,  2.22, 14.78, 23.37, 20.96,  1.04,7/7,4/6,84.62%,N/A
ADC,  8.25B,2025-03-10,  76.58$,  1.07,  2.08,3650,41,  1.07,  1.06,  1.10,  0.99,  1.03,  1.04,  1.03,0.658,  1.45,  3.67, 27.86, 21.47,  1.04,6/7,5/6,84.62%,N/A
EPSN,  0.16B,2025-03-11,   6.88$,  5.04,  2.85,3650,28,  1.10,  1.19,  1.22,  1.09,  1.11,  1.02,  1.02,0.34,  5.04,  6.22, 26.92, 22.36,  1.06,7/7,5/6,92.31%,N/A
ACNT,  0.13B,2025-03-13,  12.34$,  4.75,  3.89,586,67,  1.10,  1.18,  1.19,  1.07,  1.09,  1.01,  1.01,0.817,  4.75,  5.90, 24.66, 23.62,  1.08,7/7,4/6,84.62%,N/A
ASA,  0.57B,2025-03-13,  26.65$,  2.82,  0.71,3650,1,  1.13,  1.24,  1.29,  1.10,  1.14,  1.04,  1.04,1.135,  4.11,  5.35, 24.66, 23.62,  1.06,7/7,4/6,84.62%,N/A
NGD,  2.85B,2025-03-13,   3.23$,  4.87,  2.41,1793,3,  1.14,  1.17,  1.25,  1.02,  1.09,  1.06,  1.04,1.607,  7.53,  7.66, 24.66, 23.62,  1.15,7/7,4/6,84.62%,N/A
RZB,  8.67B,2025-03-13,  24.75$,  0.16,  0.36,3650,1,  1.01,  1.02,  1.02,  1.00,  1.01,  1.00,  1.00,0.901,  0.28,  1.52, 24.66, 23.62,  1.00,7/7,4/6,84.62%,N/A
XYF,  0.75B,2025-03-13,  11.50$,  2.13,  1.38,921,3,  1.30,  1.64,  1.83,  1.26,  1.40,  1.12,  1.12,0.458,  4.07, 14.39, 24.66, 23.62,  1.07,7/7,4/6,84.62%,N/A
ADC,  8.25B,2025-03-14,  76.63$,  1.70,  1.53,3650,1,  1.07,  1.06,  1.10,  0.99,  1.03,  1.04,  1.03,0.658,  1.70,  3.67, 21.77, 23.98,  1.02,6/7,5/6,84.62%,N/A
CHN,  0.13B,2025-03-14,  13.57$,  3.27,  1.38,108,4,  1.11,  1.16,  1.20,  1.05,  1.09,  1.04,  1.02,0.447,  3.27,  7.02, 21.77, 23.98,  1.03,7/7,4/6,84.62%,N/A
DGICA,  0.68B,2025-03-14,  18.20$,  0.39,  0.68,3650,1,  1.17,  1.20,  1.25,  1.02,  1.06,  1.04,  1.03,-0.065,  2.37,  8.59, 21.77, 23.98,  1.02,7/7,5/6,92.31%,N/A
HESM,  9.69B,2025-03-14,  42.09$,  3.47,  1.21,3650,5,  1.06,  1.15,  1.17,  1.09,  1.10,  1.01,  1.02,1.441,  3.47,  3.65, 21.77, 23.98,  1.04,7/7,4/6,84.62%,N/A
KEN,  1.65B,2025-03-14,  34.18$,  1.15,  0.90,640,2,  1.07,  1.18,  1.22,  1.11,  1.15,  1.03,  1.03,0.582,  5.23,  6.74, 21.77, 23.98,  1.06,7/7,4/6,84.62%,N/A
MUFG,161.71B,2025-03-14,  13.66$,  3.72,  6.33,3650,503,  1.09,  1.20,  1.22,  1.10,  1.11,  1.02,  1.03,0.484,  3.72,  5.92, 21.77, 23.98,  1.06,7/7,5/6,92.31%,N/A
NFG,  7.14B,2025-03-14,  75.96$,  2.41,  0.93,3650,1,  1.09,  1.21,  1.25,  1.11,  1.14,  1.03,  1.03,0.586,  2.41,  5.60, 21.77, 23.98,  1.03,7/7,5/6,92.31%,N/A
NWE,  3.48B,2025-03-14,  56.10$,  1.76,  1.46,966,2,  1.05,  1.06,  1.08,  1.00,  1.02,  1.02,  1.01,0.474,  2.32,  4.49, 21.77, 23.98,  1.02,7/7,4/6,84.62%,N/A
SMFG,101.72B,2025-03-14,  15.90$,  2.71,  0.86,3650,8,  1.06,  1.14,  1.16,  1.07,  1.09,  1.01,  1.03,0.49,  2.71,  5.84, 21.77, 23.98,  1.04,7/7,5/6,92.31%,N/A
AVA,  3.29B,2025-03-17,  39.99$,  0.10,  1.49,463,1,  1.08,  1.08,  1.10,  1.00,  1.02,  1.02,  1.01,0.448,  2.36,  4.59, 20.51, 24.19,  1.01,7/7,4/6,84.62%,N/A
BGY,  0.52B,2025-03-17,   5.79$,  2.48,  2.41,3650,29,  1.06,  1.07,  1.08,  1.01,  1.02,  1.01,  1.01,0.855,  2.48,  3.91, 20.51, 24.19,  1.03,7/7,5/6,92.31%,N/A
CAF,  0.22B,2025-03-17,  13.42$,  1.82,  1.28,108,1,  1.07,  1.08,  1.11,  1.02,  1.04,  1.02,  1.01,,  2.73,  7.07, 20.51, 24.19,  1.04,7/7,4/6,84.62%,N/A
GEG,  0.05B,2025-03-17,   2.00$,  4.71,  0.72,249,1,  1.09,  1.09,  1.10,  1.01,  1.01,  1.01,  1.00,1.002,  4.71,  4.71, 20.51, 24.19,  1.08,7/7,4/6,84.62%,N/A
HOVNP,  2.55B,2025-03-17,  17.70$,  1.90,  1.22,3650,12,  1.02,  1.03,  1.03,  1.00,  1.01,  1.01,  1.00,,  1.90,  1.90, 20.51, 24.19,  1.02,7/7,5/6,92.31%,N/A
ICE,100.38B,2025-03-17, 172.82$,  1.31,  0.79,3650,1,  1.08,  1.09,  1.12,  1.01,  1.04,  1.03,  1.03,1.092,  1.31,  6.40, 20.51, 24.19,  1.02,7/7,4/6,84.62%,N/A
IFS,  3.80B,2025-03-17,  33.61$,  1.73,  1.09,1420,1,  1.09,  1.20,  1.26,  1.10,  1.16,  1.05,  1.04,0.803,  1.85,  4.60, 20.51, 24.19,  1.05,7/7,5/6,92.31%,N/A
KT,  8.62B,2025-03-17,  18.63$,  1.91,  0.58,3650,1,  1.09,  1.16,  1.21,  1.06,  1.11,  1.04,  1.03,0.346,  1.91,  7.60, 20.51, 24.19,  1.05,7/7,5/6,92.31%,N/A
LNSR,  0.17B,2025-03-17,  15.58$,  2.97,  1.45,3650,1,  1.46,  2.10,  2.31,  1.44,  1.58,  1.10,  1.15,0.62,  4.82, 19.60, 20.51, 24.19,  1.08,7/7,4/6,84.62%,N/A
PGR,163.48B,2025-03-17, 291.22$,  2.65,  1.36,3650,5,  1.13,  1.17,  1.22,  1.03,  1.08,  1.04,  1.03,0.351,  2.65,  4.30, 20.51, 24.19,  1.04,7/7,5/6,92.31%,N/A
SGU,  0.46B,2025-03-17,  13.40$,  2.21,  1.46,438,4,  1.09,  1.14,  1.17,  1.05,  1.07,  1.03,  1.03,0.455,  2.21,  7.16, 20.51, 24.19,  1.03,7/7,4/6,84.62%,N/A
CCU,  2.87B,2025-03-18,  15.09$,  1.28,  0.94,400,4,  1.18,  1.29,  1.29,  1.09,  1.09,  1.00,  1.01,0.364,  1.28,  5.50, 21.70, 23.96,  1.03,7/7,4/6,84.62%,N/A
DX,  1.18B,2025-03-18,  14.25$,  0.56,  1.03,3650,1,  1.09,  1.17,  1.20,  1.07,  1.10,  1.03,  1.03,1.34,  1.66,  2.63, 21.70, 23.96,  1.02,7/7,5/6,92.31%,N/A
IROQ,  0.07B,2025-03-18,  24.46$,  1.37,  0.51,794,4,  1.03,  1.14,  1.21,  1.11,  1.18,  1.06,  1.04,0.486,  1.37,  7.73, 21.70, 23.96,  1.02,7/7,4/6,84.62%,N/A
BANX,  0.15B,2025-03-19,  20.85$,  0.63,  1.56,3650,1,  1.02,  1.06,  1.09,  1.04,  1.07,  1.03,  1.02,0.464,  0.63,  3.21, 19.90, 23.78,  1.01,7/7,5/6,92.31%,N/A
BSM,  3.22B,2025-03-19,  15.35$,  1.12,  1.17,324,11,  1.04,  1.06,  1.06,  1.02,  1.02,  1.00,  1.00,0.892,  1.12,  2.66, 19.90, 23.78,  1.03,7/7,4/6,84.62%,N/A
FFC,  0.77B,2025-03-19,  16.05$,  0.69,  0.88,121,2,  1.02,  1.03,  1.06,  1.02,  1.04,  1.03,  1.02,0.919,  0.70,  1.72, 19.90, 23.78,  1.01,7/7,4/6,84.62%,N/A
GOF,  2.52B,2025-03-19,  15.76$,  0.77,  1.66,3650,31,  1.04,  1.06,  1.08,  1.02,  1.05,  1.02,  1.02,,  0.77,  1.97, 19.90, 23.78,  1.01,7/7,5/6,92.31%,N/A
NC,  0.25B,2025-03-19,  33.88$,  0.83,  0.69,272,5,  1.06,  1.15,  1.15,  1.08,  1.08,  1.00,  1.01,0.938,  0.96,  8.09, 19.90, 23.78,  1.03,6/7,5/6,84.62%,N/A
NRP,  1.38B,2025-03-19, 109.70$,  1.78,  0.29,3650,1,  1.07,  1.12,  1.14,  1.05,  1.07,  1.03,  1.02,0.347,  2.43, 11.48, 19.90, 23.78,  1.05,7/7,4/6,84.62%,N/A
PFO,  0.12B,2025-03-19,   9.25$,  0.98,  0.94,741,12,  1.02,  1.04,  1.06,  1.01,  1.04,  1.03,  1.02,0.866,  0.98,  1.71, 19.90, 23.78,  1.01,7/7,4/6,84.62%,N/A
RTX,175.86B,2025-03-19, 135.32$,  1.98,  1.45,3650,11,  1.08,  1.12,  1.15,  1.03,  1.07,  1.03,  1.02,0.491,  1.98,  3.90, 19.90, 23.78,  1.05,7/7,5/6,92.31%,N/A
TRVI,  0.63B,2025-03-19,   6.81$,  3.81,  0.85,1182,1,  1.53,  1.89,  2.01,  1.24,  1.32,  1.06,  1.08,0.91,  3.81, 44.58, 19.90, 23.78,  1.18,7/7,4/6,84.62%,N/A
BOW,  1.38B,2025-03-20,  38.59$,  3.46,  1.74,3650,3,  1.17,  1.20,  1.26,  1.03,  1.08,  1.05,  1.11,,  3.46,  6.90, 19.80, 23.58,  1.10,7/7,5/6,92.31%,N/A
BSET,  0.14B,2025-03-20,  16.15$,  0.87,  1.68,318,4,  1.10,  1.14,  1.16,  1.04,  1.06,  1.02,  1.02,1.589,  2.38,  6.51, 19.80, 23.58,  1.03,7/7,4/6,84.62%,N/A
HG,  2.17B,2025-03-20,  21.17$,  0.67,  1.49,3650,2,  1.10,  1.12,  1.16,  1.02,  1.05,  1.03,  1.02,,  2.02,  5.39, 19.80, 23.58,  1.03,7/7,6/6,100.00%,N/A
LFT,  0.14B,2025-03-20,   2.74$,  1.08,  2.46,3650,63,  1.06,  1.14,  1.17,  1.08,  1.10,  1.02,  1.03,1.114,  1.45,  7.02, 19.80, 23.58,  1.03,7/7,4/6,84.62%,N/A
SR,  4.56B,2025-03-20,  77.41$,  0.65,  2.26,3650,23,  1.08,  1.15,  1.18,  1.07,  1.10,  1.03,  1.03,0.547,  0.79,  5.62, 19.80, 23.58,  1.02,7/7,6/6,100.00%,N/A
TIPT,  0.87B,2025-03-20,  23.51$,  2.22,  1.10,3650,1,  1.13,  1.16,  1.21,  1.03,  1.07,  1.04,  1.03,1.304,  2.22,  8.87, 19.80, 23.58,  1.03,7/7,4/6,84.62%,N/A
CPRX,  3.00B,2025-03-21,  24.23$,  4.62,  4.28,3650,43,  1.09,  1.13,  1.20,  1.04,  1.10,  1.06,  1.03,0.836,  4.62, 16.74, 19.28, 23.07,  1.12,7/7,4/6,84.62%,N/A
PIM,  0.16B,2025-03-21,   3.31$,  0.30,  0.35,122,1,  1.02,  1.03,  1.04,  1.01,  1.03,  1.01,  1.01,0.33,  0.92,  1.55, 19.28, 23.07,  1.01,7/7,4/6,84.62%,N/A
EZPW,  0.81B,2025-03-24,  14.89$,  4.49,  2.17,1729,1,  1.14,  1.22,  1.27,  1.08,  1.12,  1.04,  1.03,0.894,  4.49,  8.66, 17.48, 22.66,  1.09,7/7,5/6,92.31%,N/A
GE,213.19B,2025-03-24, 210.23$,  2.99,  0.80,3650,1,  1.07,  1.15,  1.18,  1.08,  1.11,  1.03,  1.02,1.196,  2.99,  6.61, 17.48, 22.66,  1.06,7/7,4/6,84.62%,N/A
GEG,  0.05B,2025-03-24,   2.01$,  0.50,  0.64,254,5,  1.08,  1.09,  1.10,  1.01,  1.02,  1.01,  1.00,1.002,  3.09,  6.50, 17.48, 22.66,  1.06,7/7,5/6,92.31%,N/A
LX,  1.83B,2025-03-24,  11.06$,  2.69,  1.40,938,1,  1.34,  2.18,  2.62,  1.63,  1.96,  1.20,  1.23,0.626,  2.69, 25.59, 17.48, 22.66,  1.11,7/7,4/6,84.62%,N/A
OR,  3.91B,2025-03-24,  20.55$,  1.13,  1.43,97,1,  1.08,  1.09,  1.12,  1.01,  1.04,  1.03,  1.02,0.837,  1.50,  6.07, 17.48, 22.66,  1.05,7/7,4/6,84.62%,N/A
PAI,  0.12B,2025-03-24,  12.82$,  0.39,  0.92,799,1,  1.03,  1.03,  1.05,  1.01,  1.02,  1.01,  1.01,0.508,  0.95,  2.40, 17.48, 22.66,  1.02,7/7,4/6,84.62%,N/A
USM,  5.90B,2025-03-24,  68.70$,  1.46,  1.27,3650,1,  1.07,  1.13,  1.16,  1.06,  1.09,  1.03,  1.04,0.457,  1.76, 10.44, 17.48, 22.66,  1.05,7/7,4/6,84.62%,N/A
CHE,  8.87B,2025-03-25, 609.29$,  0.40,  1.17,107,2,  1.07,  1.08,  1.08,  1.00,  1.01,  1.01,  1.01,0.428,  2.15,  7.39, 17.15, 21.62,  1.02,7/7,4/6,84.62%,N/A
EMD,  0.57B,2025-03-25,   9.89$,  0.41,  0.98,3650,8,  1.02,  1.04,  1.06,  1.02,  1.03,  1.02,  1.01,0.919,  0.51,  1.99, 17.15, 21.62,  1.02,7/7,5/6,92.31%,N/A
HCI,  1.62B,2025-03-25, 140.47$,  0.62,  0.66,3650,1,  1.12,  1.23,  1.29,  1.10,  1.16,  1.06,  1.03,1.129,  2.22,  6.32, 17.15, 21.62,  1.02,7/7,4/6,84.62%,N/A
ICE,100.38B,2025-03-25, 175.63$,  0.22,  0.89,3650,1,  1.07,  1.10,  1.13,  1.03,  1.05,  1.03,  1.03,1.092,  0.68,  6.40, 17.15, 21.62,  1.02,7/7,6/6,100.00%,N/A
MNDO,  0.04B,2025-03-25,   1.94$,  6.01, 16.99,700,3650,  1.07,  1.09,  1.11,  1.03,  1.04,  1.01,  1.01,0.797,  6.01,  6.01, 17.15, 21.62,  1.10,7/7,4/6,84.62%,N/A
ORI,  9.67B,2025-03-25,  38.47$,  0.23,  1.17,3650,2,  1.06,  1.11,  1.16,  1.05,  1.10,  1.04,  1.03,0.892,  1.97,  4.43, 17.15, 21.62,  1.03,7/7,6/6,100.00%,N/A
RTX,175.86B,2025-03-25, 135.66$,  0.72,  0.81,3650,1,  1.07,  1.11,  1.15,  1.04,  1.08,  1.03,  1.02,0.491,  1.75,  3.90, 17.15, 21.62,  1.03,7/7,6/6,100.00%,N/A
RZB,  8.67B,2025-03-25,  24.80$,  0.45,  0.53,3650,3,  1.01,  1.02,  1.02,  1.01,  1.01,  1.00,  1.00,0.901,  0.45,  1.52, 17.15, 21.62,  1.00,7/7,4/6,84.62%,N/A
SKGR,  0.19B,2025-03-25,  11.75$,  0.17,  1.51,3650,1,  1.01,  1.02,  1.03,  1.01,  1.02,  1.01,  1.01,0.019,  0.17,  0.70, 17.15, 21.62,  1.00,7/7,4/6,84.62%,N/A
SPNT,  1.98B,2025-03-25,  16.50$,  1.54,  1.04,1836,2,  1.13,  1.13,  1.16,  1.01,  1.03,  1.02,  1.02,0.87,  3.11, 15.42, 17.15, 21.62,  1.08,7/7,4/6,84.62%,N/A
TD,105.74B,2025-03-25,  60.95$,  0.69,  0.95,113,8,  1.04,  1.07,  1.08,  1.02,  1.03,  1.01,  1.01,0.818,  1.68,  6.72, 17.15, 21.62,  1.03,7/7,5/6,92.31%,N/A
TIPT,  0.87B,2025-03-25,  24.84$,  6.88,  6.07,3650,863,  1.18,  1.22,  1.27,  1.03,  1.08,  1.04,  1.03,1.304,  6.88,  8.87, 17.15, 21.62,  1.08,7/7,4/6,84.62%,N/A
HMN,  1.74B,2025-03-26,  42.58$,  0.90,  0.66,3650,1,  1.07,  1.12,  1.16,  1.05,  1.09,  1.04,  1.02,0.266,  1.96,  8.60, 18.33, 20.65,  1.03,7/7,6/6,100.00%,N/A
IMAX,  1.39B,2025-03-26,  27.37$,  0.77,  0.83,1976,1,  1.10,  1.17,  1.24,  1.06,  1.13,  1.06,  1.04,1.224,  0.90,  6.53, 18.33, 20.65,  1.08,7/7,5/6,92.31%,N/A
NGD,  2.85B,2025-03-26,   3.47$,  2.97,  2.13,1815,9,  1.18,  1.23,  1.31,  1.05,  1.11,  1.06,  1.04,1.607,  4.33,  7.66, 18.33, 20.65,  1.06,7/7,4/6,84.62%,N/A
PNNT,  0.46B,2025-03-26,   7.20$,  0.84,  0.51,3650,2,  1.03,  1.07,  1.07,  1.04,  1.04,  1.00,  1.01,1.517,  0.84,  5.82, 18.33, 20.65,  1.02,7/7,5/6,92.31%,N/A
STEW,  1.66B,2025-03-26,  17.19$,  2.08,  9.05,3650,1198,  1.04,  1.08,  1.10,  1.03,  1.06,  1.02,  1.02,0.922,  2.08,  3.79, 18.33, 20.65,  1.04,7/7,5/6,92.31%,N/A
ASA,  0.57B,2025-03-27,  28.61$,  2.43,  0.60,3650,1,  1.14,  1.30,  1.35,  1.13,  1.18,  1.04,  1.04,1.135,  3.79,  5.35, 18.69, 20.06,  1.03,7/7,4/6,84.62%,N/A
AVA,  3.29B,2025-03-27,  40.04$,  0.23,  1.85,471,4,  1.06,  1.08,  1.09,  1.02,  1.03,  1.01,  1.01,0.448,  0.76,  4.59, 18.69, 20.06,  1.01,7/7,4/6,84.62%,N/A
JMM,  0.06B,2025-03-27,   6.45$,  4.37,  4.64,3650,77,  1.06,  1.07,  1.08,  1.01,  1.02,  1.01,  1.01,0.522,  4.37,  4.37, 18.69, 20.06,  1.04,7/7,5/6,92.31%,N/A
LX,  1.83B,2025-03-27,  11.43$,  5.44,  1.64,941,4,  1.33,  2.17,  2.62,  1.63,  1.97,  1.21,  1.24,0.626,  5.44, 25.59, 18.69, 20.06,  1.09,7/7,4/6,84.62%,N/A
MMC,119.05B,2025-03-27, 243.41$,  1.93,  1.27,3650,4,  1.07,  1.09,  1.10,  1.02,  1.03,  1.01,  1.01,0.943,  1.93,  3.10, 18.69, 20.06,  1.04,7/7,5/6,92.31%,N/A
NC,  0.25B,2025-03-27,  34.67$,  3.15,  0.79,281,2,  1.08,  1.16,  1.17,  1.08,  1.09,  1.01,  1.01,0.938,  3.15,  7.81, 18.69, 20.06,  1.03,7/7,4/6,84.62%,N/A
QFIN,  6.37B,2025-03-27,  48.12$,  3.77,  2.59,3650,1,  1.15,  1.36,  1.53,  1.18,  1.33,  1.12,  1.08,0.642,  4.84,  9.43, 18.69, 20.06,  1.07,7/7,4/6,84.62%,N/A
SAR,  0.36B,2025-03-27,  25.28$,  0.64,  0.95,3650,2,  1.04,  1.09,  1.12,  1.06,  1.09,  1.03,  1.02,1.358,  1.58,  2.96, 18.69, 20.06,  1.04,7/7,5/6,92.31%,N/A
SR,  4.56B,2025-03-27,  77.49$,  0.23,  0.91,3650,2,  1.06,  1.14,  1.17,  1.08,  1.11,  1.03,  1.03,0.547,  0.69,  5.62, 18.69, 20.06,  1.01,7/7,5/6,92.31%,N/A
T,202.28B,2025-03-27,  28.20$,  1.99,  1.10,3650,4,  1.11,  1.23,  1.30,  1.11,  1.17,  1.05,  1.05,0.705,  1.99,  6.25, 18.69, 20.06,  1.05,7/7,5/6,92.31%,N/A
VLGEA,  0.55B,2025-03-27,  36.00$,  3.45,  1.93,3650,4,  1.08,  1.13,  1.18,  1.05,  1.09,  1.04,  1.01,0.291,  3.45, 13.59, 18.69, 20.06,  1.06,7/7,4/6,84.62%,N/A
NWE,  3.48B,2025-03-28,  56.80$,  2.03,  1.31,976,5,  1.05,  1.06,  1.08,  1.01,  1.03,  1.02,  1.01,0.474,  2.03,  4.49, 21.65, 19.46,  1.02,7/7,4/6,84.62%,N/A
SENEA,  0.62B,2025-03-28,  90.35$,  1.26,  1.19,3650,3,  1.12,  1.26,  1.32,  1.12,  1.17,  1.04,  1.04,0.164,  2.12,  8.06, 21.65, 19.46,  1.04,7/7,5/6,92.31%,N/A
ADC,  8.25B,2025-03-31,  77.19$,  1.06,  1.74,3650,6,  1.05,  1.06,  1.09,  1.01,  1.04,  1.03,  1.03,0.658,  1.06,  3.67, 22.28, 19.45,  1.02,7/7,4/6,84.62%,N/A
AHR,  4.79B,2025-03-31,  30.30$,  0.40,  2.19,3650,21,  1.05,  1.14,  1.27,  1.08,  1.20,  1.11,  1.07,,  1.68,  4.61, 22.28, 19.45,  1.02,7/7,5/6,92.31%,N/A
CAPL,  0.93B,2025-03-31,  24.57$,  0.99,  1.52,3650,6,  1.07,  1.16,  1.20,  1.08,  1.12,  1.03,  1.03,1.435,  0.99,  3.97, 22.28, 19.45,  1.03,7/7,5/6,92.31%,N/A
FSEA,  0.05B,2025-03-31,  11.65$,  1.84,  0.99,567,1,  1.09,  1.19,  1.21,  1.09,  1.11,  1.02,  1.02,0.349,  1.84,  5.04, 22.28, 19.45,  1.03,7/7,4/6,84.62%,N/A
NFG,  7.14B,2025-03-31,  79.19$,  1.15,  1.49,3650,6,  1.09,  1.23,  1.28,  1.13,  1.17,  1.04,  1.04,0.586,  1.15,  5.60, 22.28, 19.45,  1.02,7/7,4/6,84.62%,N/A
PIM,  0.16B,2025-03-31,   3.32$,  0.30,  1.34,3650,7,  1.01,  1.03,  1.04,  1.01,  1.03,  1.01,  1.01,0.33,  0.91,  1.55, 22.28, 19.45,  1.01,7/7,5/6,92.31%,N/A
PM,241.25B,2025-03-31, 158.73$,  2.30,  1.47,3650,6,  1.10,  1.23,  1.29,  1.11,  1.17,  1.05,  1.05,0.561,  2.30, 10.95, 22.28, 19.45,  1.04,7/7,4/6,84.62%,N/A
